語句,学年,単元名,意味
welcome,1,U0-1 ,《間》ようこそ，いらっしゃい / 《形》歓迎される
to,1,U0-1 ,①【対象・関連】…に（とって）　②【方向・到達】…へ［に］，…のほうへ［に］　③【不定詞（名詞的）】…する［である］こと　④【不定詞（副詞的）】…するために［目的を表す］　⑤【不定詞（副詞的）】 …するのが　⑥【不定詞（形容詞的）】…するための，…すべき　⑦【不定詞（副詞的）】…して［原因を表す］　⑧【疑問詞＋不定詞】…すべきか，…したらよいか，…のやり方　⑨【不定詞（副詞的）】…するには，…するのに　⑩【時間・時刻】…まで，…（分）前　⑪【比較・対照】…に対して，…よりも
junior,1,U0-1 ,年下の，下級の
high,1,U0-1 ,高い，［junior high school]中学校
school,1,U0-1 ,学校
hi,1,U0-1 ,やあ，こんにちは
I,1,U0-1 ,私は［が］
am,1,U0-1 ,《動》①…です，…だ　② (…に）いる，ある /《助》 [現在進行形やbe going toを作る]
nice,1,U0-1 ,すてきな，よい
meet,1,U0-1 ,①…と知り合いになる　②（…に）会う，…と出会う，面会する
you,1,U0-1 ,①あなた（たち）を［に］　②あなた（たち）は［が］　③人は（だれでも）［話し相手を含めた一般の人をさす。日本語に訳さない場合が多い］
what,1,U0-1 ,《代》何，どんなもの［こと］ / 《形》①何の，どんな　②なんと，なんて
is,1,U0-1 ,《助》①[受け身の形を作る]　②[現在進行形やbe going toを作る] / 《動》①…です，…だ　②（…に）いる，ある
your,1,U0-1 ,あなた（たち）の
name,1,U0-1 ,《名》名前 / 《動》(人など）に…という名前をつける
my,1,U0-1 ,私の
too,1,U0-1 ,①…もまた，そのうえ　②あまりに，…すぎる
make,1,U0-1 ,①（人・もの）を…の状態にする　②…を作る，得る　③…をする，行う
group,1,U0-1 ,グループ，団体
of,1,U0-1 ,①【部分】…の中の[で]，…の　②【分量・種類】…の量の，…種類の　③【主題】…について　④【所属・所有】…の，…の所有する，…に属する　⑤【同格】…という，…の　⑥【原因・動機】…のため，…で　⑦【材料・要素】…で（作った），…から（成る）
four,1,U0-1 ,4（つの）
I'm,1,U0-1 ,= I am
welcome to ….,1,U0-1 ,…へようこそ。
junior high (school),1,U0-1 ,中学校
what's,1,U0-1 ,= what is
food,1,U0-1 ,食べ物
do,1,U0-1 ,《助》①［疑問文や応答を作る］　②[否定分や否定の命令文を作る] / 《動》①（…を）する，行う　②暮らす
like,1,U0-1 ,…を好む，…が好きである
curry,1,U0-1 ,カレー（料理）
and,1,U0-1 ,①…と～　②そして，それから　③[同じ語をandで結んで]ますます　④[comeやgoのあとに用いて]…しに（来る，行く）　⑤[命令文のあとで]そうすれば
rice,1,U0-1 ,米，稲，ご飯
curry and rice,1,U0-1 ,カレーライス
want,1,U0-1 ,…がほしい，［want to…で］…したい，[want … to ～で]…が～することを望む，…に～してほしい
join,1,U0-1 ,…に加わる，参加する
the,1,U0-1 ,①［天体・時・方角など，1つしかないものをさす場合］〈the world 世界〉　②［最上級・序数などの前で］　③［状況や文脈から何をさすかわかる場合］その　④［固有名詞につけて］〈the Paralympic Games パラリンピック〉　⑤［一度述べた名詞をくり返す場合］その，この，あの，例の　⑥［単数名詞につけて種類全体を表す］…というもの〈the crested ibis トキ〉　⑦［年代の10年をまとめて表す場合］〈the 1990s 1990年代〉　⑧［形容詞につけて］…な［の］人々〈the British イギリス人〉
dance,1,U0-1 ,《名》ダンス，おどり／《動》おどる，ダンスをする
team,1,U0-1 ,チーム，組
can,1,U0-1 ,①【可能性】…することがあり得る　②【能力・可能】…することができる　③【申し出】[Can I …?]…しましょうか。　④【依頼】[Can you …?]…してくれますか。　⑤【許可】[Can I …?]…してもよいですか。
well,1,U0-1 ,《間》①［ためらったり，返事に詰まったりして］ええと，そうですね　②［話を切り出したり，再び始めたりして］さて，ところで，それでは / 《形》健康で，元気で，よい / 《副》じょうずに，うまく，よく
art,1,U0-1 ,芸術，美術
club,1,U0-1 ,クラブ，部
painting,1,U0-1 ,絵をかくこと
he,1,U0-1 ,彼は［が］
a,1,U0-1 ,①1つの，1人の [数えられる名詞の前に置く。ふつう訳さない]　②…につき，…ごとに
good,1,U0-1 ,《形》①よい　②じょうずな，うまい　③元気な，健康な / 《間》よかった，よろしい
tennis,1,U0-1 ,テニス
player,1,U0-1 ,競技者，選手
she,1,U0-1 ,彼女は［が］
run,1,U0-1 ,①走る，運行している　②…を主催する
fast,1,U0-1 ,速い / 速く
we,1,U0-1 ,①人は，われわれはみな［自分を含めた人々をさす。日本語に訳さない場合が多い］　②私たちは［が］
have,1,U0-1 ,《助》①[現在完了形を作る]　②[現在完了進行形を作る] / 《動》①…を持っている，…がある，…がいる　②（ある経験）をする，（ある時）を過ごす，（病気）にかかっている　③…を開く，開催する　④…を食べる，飲む
music,1,U0-1 ,音楽
room,1,U0-1 ,部屋
he's,1,U0-1 ,= he is
want to,1,U0-1 ,…したい
like …ing,1,U0-1 ,…するのが好きである
apple,1,U0-2,リンゴ
apron,1,U0-2,エプロン，前かけ
ball,1,U0-2,ボール，球
cap,1,U0-2,（ふちがないか，ひさしのついた）帽子
city,1,U0-2,市，都市，都会
desk,1,U0-2,机
egg,1,U0-2,卵
evening,1,U0-2,夕方，晩［ふつう日没から寝る時刻までをさす］
fish,1,U0-2,魚［複数形もfish］
guitar,1,U0-2,ギター
gym,1,U0-2,体育館
hat,1,U0-2,（ふちのある）帽子
ink,1,U0-2,インク
ice,1,U0-2,氷
jet,1,U0-2,ジェット機
king,1,U0-2,王，国王
lion,1,U0-2,ライオン
mouse,1,U0-2,ネズミ，ハツカネズミ
nurse,1,U0-2,看護師
omelet,1,U0-2,オムレツ
OK,1,U0-2,《形》よくて，大丈夫で / 《間》よろしい，はい，わかった，それでは
piano,1,U0-2,ピアノ
queen,1,U0-2,女王，王妃
rabbit,1,U0-2,ウサギ
salad,1,U0-2,サラダ
temple,1,U0-2,寺
umbrella,1,U0-2,傘
unicycle,1,U0-2,一輪車
vegetable,1,U0-2,野菜
window,1,U0-2,窓
box,1,U0-2,箱
yellow,1,U0-2,黄色（い）
zoo,1,U0-2,動物園
cheese,1,U0-2,チーズ
elephant,1,U0-2,ゾウ
ship,1,U0-2,船
bath,1,U0-2,入浴
mother,1,U0-2,母，お母さん
whale,1,U0-2,クジラ
clock,1,U0-2,（置き［かけ］）時計
sing,1,U0-2,（…を）歌う
new,1,U1-扉,新しい，新任の
friend,1,U1-扉,友達
how,1,U1-1,①【程度】どれくらい　②【方法・手段】どのようにして，どんなふうに　③【状態】どんなようす［ぐあい］で　④【感嘆】なんと，なんて，どんなに
are,1,U1-1,《助》①[受け身の形を作る] ②[現在進行形やbe going to を作る] / 《動》①（…に）いる，ある　②…です，…だ
fine,1,U1-1,【小】（人が）元気な
great,1,U1-1,①大きな，すごい　②偉大な，すぐれた　③すばらしい，とても楽しい
hungry,1,U1-1,空腹の，飢えた
tea,1,U1-1,茶，紅茶
about,1,U1-1,《前》…について，…に関する / 《副》およそ，約，ごろ / 《形》[be about to] 今にも…しようとしている
twelve,1,U1-1,12（の）
hello,1,U1-1,①やあ，こんにちは　②（電話で）もしもし
everyone,1,U1-1,みなさん，みんな，だれでも
me,1,U1-1,①私を［に］　②[相手の言ったことを受けてIのかわりに]私
from,1,U1-1,①【起源・出所】…から，…出身の，…に由来する　②【相違・区別】…から，…と　③【場所】…から　④【時間】…から
Japanese,1,U1-1,《形》日本の，日本人の，日本語の / 《名》日本語，日本人
love,1,U1-1,《動》…が大好きである，…を愛している / 《名》愛，恋愛
drink,1,U1-1,…を飲む
green,1,U1-1,緑（の）
green tea,1,U1-1,緑茶
call,1,U1-1,《動》①（…に）電話をかける　②…を（～と）呼ぶ，名づける / 《名》電話をかけること，通話
often,1,U1-1,しばしば，よく
Margaret,1,U1-1,マーガレット[女性名]
Brown,1,U1-1,ブラウン[姓]
Meg,1,U1-1,メグ[女性名]
Australia,1,U1-1,オーストラリア[国名]
Call me ….,1,U1-1,私を…と呼んでください。
I’m,1,U1-1,= I am
number,1,U1-1,①数，数字　②番号
zero,1,U1-1,0（の）
one,1,U1-1,《名・形》1つ［1人］（の） / 《代》①[前に出てきた名詞のかわりとして] 1つ，1人，…なもの　②（一般に）人，だれでも /《形》 [時を表す名詞の前に用いて]ある…
two,1,U1-1,2（つの）
three,1,U1-1,3（つの）
five,1,U1-1,5（つの）
six,1,U1-1,6（つの）
seven,1,U1-1,7（つの）
eight,1,U1-1,8（つの）
nine,1,U1-1,9（つの）
ten,1,U1-1,10（の）
eleven,1,U1-1,11（の）
thirteen,1,U1-1,13（の）
fourteen,1,U1-1,14（の）
fifteen,1,U1-1,15（の）
sixteen,1,U1-1,16（の）
seventeen,1,U1-1,17（の）
eighteen,1,U1-1,18（の）
nineteen,1,U1-1,19（の）
twenty,1,U1-1,20（の）
thirty,1,U1-1,30（の）
forty,1,U1-1,40（の）
fifty,1,U1-1,50（の）
sixty,1,U1-1,60（の）
seventy,1,U1-1,70（の）
eighty,1,U1-1,80（の）
ninety,1,U1-1,90（の）
hundred,1,U1-1,100（の）
color,1,U1-1,色，色彩
white,1,U1-1,白（い）
red,1,U1-1,赤（い）
orange,1,U1-1,オレンジ（色の）
blue,1,U1-1,青（い）
black,1,U1-1,黒（い）
brown,1,U1-1,茶色（の）
purple,1,U1-1,紫（色の）
pink,1,U1-1,ピンク（色の）
soccer,1,U1-2,サッカー
yes,1,U1-2,《副》はい，ええ，そうです / 《名》賛成
baseball,1,U1-2,野球
no,1,U1-2,《副》いいえ，いや，だめだ / 《形》1つ[1人]も…ない，少しも…ない / 《名》「いいえ」という言葉[返事]
not,1,U1-2,…でない，…しない，…ではなく
basketball,1,U1-2,バスケットボール
rugby,1,U1-2,ラグビー
so,1,U1-2,《接》だから，それで，では / 《副》①とても，非常に　②そのように，そう　③そんなに，それほど
fan,1,U1-2,ファン
cricket,1,U1-2,クリケット
play,1,U1-2,①（競技・ゲームなどを）する，（曲・楽器などを）演奏する　②（役）を演じる
it,1,U1-2,①それは[が]　②それを［に］　③[「It is ... (for＋（人））＋to＋動詞の原形」で]（（人）が）～することは…です　④[天候・時間・距離などを表す文の主語に用いる]　⑤[その場の状況から判断できる事物・事情を漠然とさす。ふつう訳さない]
watch,1,U1-2,《動》…を（注意して）見る / 《名》腕時計，懐中時計
just,1,U1-2,①ちょうど，まさに　②たった今　③ただ…だけ，ほんの，ちょっと
Sydney,1,U1-2,シドニー
How about …?,1,U1-2,①［意見を求めて］…についてはどうですか。　②[提案・勧誘]…（して）はどうですか。
don’t,1,U1-2,= do not
cook,1,U1-3,（…を）料理する
ski,1,U1-3,スキーをする
swim,1,U1-3,【小】泳ぐ
badminton,1,U1-3,バドミントン
see,1,U1-3,①…が見える，…を見る，見物する　②…に会う　③（…が）わかる，理解する
there,1,U1-3,そこに［で，へ］
"Me, too.",1,U1-3,私も。
thank,1,U1-3,《動》…に感謝する / 《名》感謝
oh,1,U1-3,まあ，あら，ああ，おや
speak,1,U1-3,（ある言語を）話す
study,1,U1-3,《名》研究，調査 / 《動》（…を）勉強する，研究する
day,1,U1-3,日，1 日
read,1,U1-3,（…を）読む，読んで知る
little,1,U1-3,《形》①小さい，かわいい　②ほとんど（ない） / 《副》［a little］少し / 《代》[little by little] 少しずつ
every,1,U1-3,①どの…もみな　②毎…，…ごとに
but,1,U1-3,しかし，けれども
cannot,1,U1-3,…できない
Thank you.,1,U1-3,ありがとう。
a little,1,U1-3,少し
every day,1,U1-3,毎日
you’re,1,U1-3,= you are
can’t,1,U1-3,= cannot
our,1,U2-扉,私たちの
teacher,1,U2-扉,先生，教師
this,1,U2-1,①この　②今の，現在の / これ，この人［もの，こと］
classmate,1,U2-1,同級生
Ms.,1,U2-1,［女性をさして］…さん，先生
Mr.,1,U2-1,［男性をさして］…さん，先生
in,1,U2-1,《前》①【場所・位置】…（の中）に［で，の］　②【範囲】…において，…に関しては　③【時間】…に，…の間に，…後に　④【状態・従事】…（の状態）で　⑤【方法・道具・材料】…で，…を使って　⑥【単位】…の単位で　⑦【着用】…を身につけて，…を着て / 《副》中へ，中に
class,1,U2-1,①授業　②学級，組，クラス
English,1,U2-1,《名》英語 / 《形》英語の，英語で書かれた
America,1,U2-1,アメリカ合衆国［正式名称はthe United States of America］
Nice to meet you.,1,U2-1,はじめまして。
that,1,U2-1,《接》①…ということ ②…して，…であることを / 《代》①［すでに述べた事柄をさして］そのこと，それ　②あれ，それ，あの［その］人［もの，こと］　③［関係代名詞］…である［する］ところの　④［前に出た「the＋名詞」をくり返す代わりに用いる］（…の）それ / 《形》あの，その，例の
restaurant,1,U2-1,レストラン
always,1,U2-1,いつも，常に
very,1,U2-1,非常に，とても，［否定文で］あまり（…でない）
market,1,U2-1,市場
wow,1,U2-1,うわあ，わあ
popular,1,U2-1,人気のある
crowded,1,U2-1,こみ合った，満員の
Cook,1,U2-1,クック[姓]
he’s,1,U2-1,= he is
she’s,1,U2-1,= she is
it’s,1,U2-1,= it is
know,1,U2-2,（…を）知っている，わかる
who,1,U2-2,①だれ，だれが　②[関係代名詞]…である[する]ところの
town,1,U2-2,町
map,1,U2-2,地図
for,1,U2-2,"①【利益】…のために[の]　②…にとって　③【用途・適合】…するための，…に適した，…向けの　④【時間・距離】…の間　⑤…として　⑥[「It is ,,, (for＋(人))＋to＋動詞の原形」の意味上の主語として](人）が（～することは）　⑦【目的・用途】…のために，…を求めて　⑧【関連】…については　⑨【原因・理由】…のために，…の理由で　⑩【代理・代表】…のかわりに，…に相当する　⑪【対象】…に対して　⑫【特定の日時・機会】…に"
symbol,1,U2-2,シンボル，象徴，記号
I see.,1,U2-2,なるほど。わかった。
shrine,1,U2-2,神社
really,1,U2-2,①本当ですか，へえ，そうなんだ　②本当に，実際に
interesting,1,U2-2,おもしろい，興味深い
morning,1,U2-2,朝，午前
afternoon,1,U2-2,午後
picnic,1,U2-2,ピクニック，遠足
area,1,U2-2,区域，場所，地域
hey,1,U2-2,やあ，おい，ちょっと
Josh,1,U2-2,ジョシュ[男性名]
Phillipines,1,U2-2,[the Phillipines] フィリピン[国名]
Good morning.,1,U2-2,おはようございます。
what’s,1,U2-2,= what is
who’s,1,U2-2,= who is
that’s,1,U2-2,= that is
favorite,1,U2-3,《形》いちばん好きな，お気に入りの / 《名》大好きなもの[人]
Monday,1,U2-3,月曜日
on,1,U2-3,《前》①【手段】…で，…によって　②【日時】…に　③【場所】…（の上）に[で]　④【対象】…に対して，…に　⑤【状態】…している最中で，…中で　⑥【状態】…している最中で，…中で　⑥【所属】…の一員で，…に属して　⑦【目的】…の目的で / 《副》①先へ，前へ　②（動作を）続けて，進行中で　③（電気・水道・ガスなどが）通じて，ついて，出て
math,1,U2-3,【小】数学
P.E.,1,U2-3,【小】体育
science,1,U2-3,科学，理科
live,1,U2-3,①住む，住んでいる，生きる，暮らす，ずっと残る　②[lifeを目的語にして]…な人生[生活]を送る
here,1,U2-3,《副》①ここに[で，へ]　②さあ，ほら / 《名》ここ
by,1,U2-3,《前》①【動作主】…によって[主に受け身の文で]　②【場所】…のそばに　③【手段・方向・原因】…によって　④【時間】…までに / 《副》通り過ぎて
bike,1,U2-3,自転車
walk,1,U2-3,（…を）歩く，歩いていく［くる］
around,1,U2-3,《前》①…のあちこちに[で，を]　②…のまわりに，周囲に　③…の近くに　④…のまわりを回って / 《副》あちこち，めぐって
come,1,U2-3,①来る，（相手のところへ・相手と同方向へ）行く，巡ってくる　②（ある状態）になる
breakfast,1,U2-3,朝食
usually,1,U2-3,たいてい，ふつう
fruit,1,U2-3,果物，果実
soup,1,U2-3,スープ
sausage,1,U2-3,ソーセージ
toast,1,U2-3,トースト
yogurt,1,U2-3,ヨーグルト
also,1,U2-3,《副》…もまた，そのうえ / 《接》そのうえ，さらに
an,1,U2-3,1 つの，1 人の [母音で始まる数えられる名詞の前に置く。ふつう訳さない]
sound,1,U2-3,…に聞こえる，思える
How about you?,1,U2-3,あなたはどうですか。
Sounds ….,1,U2-3,…そうですね。
bag,1,GfC1,かばん，バッグ，ふくろ
dog,1,GfC1,イヌ
cute,1,GfC1,かわいい
cat,1,GfC1,【小】ネコ
activity,1,U3-扉,活動
where,1,U3-1,どこに［で，へ］
classroom,1,U3-1,【小】教室
first,1,U3-1,《名・形》1日，1番め（の），最初（の） / 《副》①はじめて　②第1に，最初に
second,1,U3-1,《副》第2に，2番めに / 《名・形》2日，2番め（の）
third,1,U3-1,《副》第3に，3番目に / 《名・形》①3日，3番め（の）　②3分の1（の）
computer,1,U3-1,コンピュータ
library,1,U3-1,図書館，図書室
when,1,U3-1,《接》…するときに / 《副》いつ，どんなときに
birthday,1,U3-1,誕生日
July,1,U3-1,7月
trumpet,1,U3-1,トランペット
brass band,1,U3-1,ブラスバンド，吹奏楽団
band,1,U3-1,楽団，バンド
practice,1,U3-1,《動》（…を）練習する / 《名》練習
at,1,U3-1,①【原因・理由】…によって　②【方向】…をめがけて，…に向かって　③【場所】…に，…で　④【年齢・時刻】…に
station,1,U3-1,駅，（山の）…合め
before,1,U3-1,《副》以前に，かつて / 《前》…の前に［の］ / 《接》…する前に，…しないうちに
concert,1,U3-1,演奏会，コンサート
next,1,U3-1,《形》次の，今度の，となりの / 《副》次に，今度は
fifth,1,U3-1,5日，5番め（の）
hall,1,U3-1,会館，ホール
near,1,U3-1,《前》…の近くに［で］ / 《形》近い，近くの
month,1,U3-1,（暦の上での）月，1か月
January,1,U3-1,1月
February,1,U3-1,2月
March,1,U3-1,3月
April,1,U3-1,4月
May,1,U3-1,5月
June,1,U3-1,6月
August,1,U3-1,8月
September,1,U3-1,9月
October,1,U3-1,10月
November,1,U3-1,11月
December,1,U3-1,12 月
date,1,U3-1,日，日付
fourth,1,U3-1,4日，4番め（の）
sixth,1,U3-1,6日，6番め（の）
seventh,1,U3-1,7日，7番め（の）
eighth,1,U3-1,8日，8番め（の）
ninth,1,U3-1,9日，9番め（の）
tenth,1,U3-1,10日，10番め（の）
eleventh,1,U3-1,11日，11番め（の）
twelfth,1,U3-1,12日，12番め（の）
thirteenth,1,U3-1,13日，13番め（の）
fourteenth,1,U3-1,14日，14番め（の）
fifteenth,1,U3-1,15日，15番め（の）
sixteenth,1,U3-1,16日，16番め（の）
seventeenth,1,U3-1,17日，17番め（の）
eighteenth,1,U3-1,18日，18番め（の）
nineteenth,1,U3-1,19日，19番め（の）
twentieth,1,U3-1,20日，20番め（の）
thirtieth,1,U3-1,30日，30番め（の）
be,1,U3-2,《動》①…である，…になる　②（…に）いる，ある /《助》 [受け身の形を作る]
singer,1,U3-2,歌手
dream,1,U3-2,夢
why,1,U3-2,なぜ，どうして
game,1,U3-2,①試合，競技　②遊び，ゲーム
cool,1,U3-2,かっこいい
excited,1,U3-2,わくわくした
today,1,U3-2,今日（は），現在（では）
yeah,1,U3-2,うん，そう（=yes）
win,1,U3-2,①…を勝ち取る，獲得する　②…に勝つ
How are you?,1,U3-2,お元気ですか。調子はどうですか。
hard,1,U3-2,熱心に，一生懸命に
all,1,U3-2,《形》全ての，全部の / 《代》全部，全員，全て，みな / 《副》全く，全て，すっかり
luck,1,U3-2,運，幸運
someday,1,U3-2,いつか
World Cup,1,U3-2,[the World Cup] ワールドカップ
Good luck.,1,U3-2,幸運を祈ります。がんばって。
many,1,U3-3,《形》［数えられる名詞の複数形につけて］たくさんの，多くの / 《代》多数（の人[もの]）
pencil,1,U3-3,えんぴつ
use,1,U3-3,《動》…を使う，利用する，消費する / 《名》使うこと，使用
marker,1,U3-3,【小】マーカー（ペン）
eraser,1,U3-3,【小】消しゴム
racket,1,U3-3,ラケット
water,1,U3-3,水
bring,1,U3-3,①（～に）…を持ってくる，…を連れてくる　②…をもたらす
shoe,1,U3-3,くつ
towel,1,U3-3,タオル，手拭い
bottle,1,U3-3,びん，ボトル
How many …?,1,U3-3,どれくらい多くの，いくつの
Tuesday,1,U3-3,火曜日
Wednesday,1,U3-3,水曜日
Thursday,1,U3-3,木曜日
Friday,1,U3-3,金曜日
Saturday,1,U3-3,土曜日
Sunday,1,U3-3,日曜日
week,1,U3-3,週，1週間
off,1,U3-3,①（電気・ガス・水道などが）切れて，とまって　②休んで
those,1,U3-3,《形》あれらの，それらの / 《代》あれら，それら，あの[その]人たち
men,1,U3-3,manの複数形
man,1,U3-3,男性，男の人
women,1,U3-3,womanの複数形
woman,1,U3-3,女性，女の人
they,1,U3-3,彼らは［が］，彼女らは［が］，それらは［が］
coach,1,U3-3,コーチ
we’re,1,U3-3,= we are
they’re,1,U3-3,= they are
cup,1,GfC2,【小】カップ
jam,1,GfC2,【小】ジャム
tooth,1,GfC2,【小】歯
teeth,1,GfC2,【小】歯（toothの複数形）
sheep,1,GfC2,ヒツジ
eat,1,GfC2,…を食べる，食事をする
milk,1,GfC2,牛乳，ミルク
New Zealand,1,U4-扉,ニュージーランド[国名]
excuse,1,U4-1,…を許す
police officer,1,U4-1,警察官
go,1,U4-1,行く
straight,1,U4-1,【小】まっすぐに
turn,1,U4-1,《名》順番，番 / 《動》向く，曲がる
left,1,U4-1,左に［へ］，左側に
right,1,U4-1,【小】右に[へ]
please,1,U4-1,どうぞ，お願いします，すみませんが
brave,1,U4-1,勇かんな，勇ましい
enjoy,1,U4-1,…を楽しむ
front,1,U4-1,《名》前，正面 / 《形》前の
nervous,1,U4-1,緊張して
worry,1,U4-1,心配する，悩む
yourself,1,U4-1,①あなた自身を［に］　②あなた自身，自ら
enjoy oneself,1,U4-1,楽しむ，楽しく過ごす
hot,1,U4-1,熱い，暑い
cold,1,U4-1,冷たい，寒い
Japan,1,U4-1,日本
weather,1,U4-1,天気，天候
winter,1,U4-1,冬
summer,1,U4-1,夏
David,1,U4-1,デイビッド[男性名]
Green,1,U4-1,グリーン[姓]
how’s,1,U4-1,= how is
season,1,U4-1,季節
spring,1,U4-1,①春　②ばね，ぜんまい
fall,1,U4-1,《動》①落ちる，降る　②転ぶ，倒れる / 《名》秋
autumn,1,U4-1,秋
time,1,U4-2,①時間，期間，ひま ②…回，…度　③時刻　④（ある経験をした）時間
get,1,U4-2,①（ある状態に）なる　②…を得る，受け取る，手に入れる　③[get＋過去分詞で]…される　④着く，到着する
up,1,U4-2,①起立して，起きて　②しっかりと，きちんと　③勢いよく，元気に　④上へ［に］，上のほうへ，立てて
bed,1,U4-2,【小】ベッド
a.m.,1,U4-2,午前
p.m.,1,U4-2,午後
now,1,U4-2,①今，現在は，今では，今すぐ　②さて，ところで，さあ
o’clock,1,U4-2,…時
short,1,U4-2,（時間・長さ・距離が）短い
long,1,U4-2,《副》長い間，ずっと / 《形》①[長さを表す語のあとに用いて]…の長さがある　②長い
snack,1,U4-2,軽食
lunch,1,U4-2,昼食
noon,1,U4-2,正午，真昼
break,1,U4-2,休憩
after,1,U4-2,《前》①…のあとに［で］ 　②…にならって，ちなんで / 《接》…したあとで
period,1,U4-2,①時代　②（授業の）時間，時限
some,1,U4-2,《形》①いくつかの，いくらかの，少しの　②一部の，（中には）…もある / 《代》いくらか，多少，少し，数人 / 《副》[数を表す語とともに用いて]約，およそ
or,1,U4-2,①…かまたは～，…や～　②[主に命令文のあとで]そうしなければ　③すなわち，言いかえれば　④[否定分で]…もまた（～ない）
during,1,U4-2,…の間ずっと，…の間に
animal,1,U4-3,動物
subject,1,U4-3,教科，科目
sport,1,U4-3,スポーツ
bird,1,U4-3,鳥
kiwi fruit,1,U4-3,キウイフルーツ
kiwi,1,U4-3,①キーウィ［動物名］　②キウイフルーツ（＝ kiwi fruit）
right,1,U4-3,《形》①正しい，正確な　②健康な，調子がいい / 《名》権利 / 《副》ちょうど，すぐに
round,1,U4-3,丸い，球形の
like,1,U4-3,…のような［に］，…に似た，…らしい
national,1,U4-3,国の，国家の
Emma,1,U4-3,エマ[女性名]
football,1,U4-3,アメリカンフットボール，サッカー
mean,1,U4-3,…を意味する，…のことを言う
netball,1,U4-3,ネットボール
when's,1,GfC3,= when is
where's,1,GfC3,= where is
sunny,1,GfC3,【小】日の当たる，晴れた
father,1,GfC3,①父，お父さん　②[the father ofで]…の創始者，生みの親
cloudy,1,GfC3,【小】くもった
rainy,1,GfC3,雨の，雨の多い
table tennis,1,GfC3,【小】卓球
festival,1,U5-扉,祭り，催し物
pen,1,U5-1,ペン
notebook,1,U5-1,ノート
ruler,1,U5-1,【小】定規
park,1,U5-1,公園，遊園地
with,1,U5-1,①【関係・対象】…に関して，…について　②【共同・同伴】…といっしょに　③【携帯・所有】…を身につけて，…のある　④【賛成】…に賛成して，味方して　⑤【道具・手段】…で，…を使って
quiet,1,U5-1,静かな
jog,1,U5-1,ゆっくり走る，ジョギングする
pond,1,U5-1,池
look,1,U5-1,《動》①見る，目を向ける　②…（のよう）に見える / 《名》[a lookで]見ること，ひと目
under,1,U5-1,①…の下に［で］，…のもとに　②…未満で
tree,1,U5-1,木，樹木
boy,1,U5-1,男の子，少年
girl,1,U5-1,女の子，少女
bench,1,U5-1,ベンチ
over,1,U5-1,《前》①…をこえて，…の向こう側に　②…の上に，上方に　③…のいたるところに，一面に　④…より多く，…をこえて / 《副》向こうへ，あちらへ，こちらへ
hair,1,U5-1,髪
people,1,U5-1,人々
stage,1,U5-1,舞台，ステージ
over there,1,U5-1,あそこに，あちらでは，向こうでは
look at,1,U5-1,…を見る
swimming,1,U5-2,水泳
sea,1,U5-2,海，海洋
climbing,1,U5-2,【小】登山，のぼること
let’s,1,U5-2,…しよう
together,1,U5-2,いっしょに，ともに
dancing,1,U5-2,おどり，ダンス
umm,1,U5-2,（ためらいを表して）ううん，ええ
shy,1,U5-2,内気な，恥ずかしがりの
be good at,1,U5-2,…がじょうずだ，得意だ
Thanks.,1,U5-2,ありがとう。
Come on.,1,U5-2,さあ。がんばれ。
"No, thank you.",1,U5-2,いいえ，けっこうです。
noodle,1,U5-2,ヌードル，めん
juice,1,U5-2,ジュース
something,1,U5-2,何か，あるもの
idea,1,U5-2,考え，アイディア
thirsty,1,U5-2,のどのかわいた
need,1,U5-2,《動》…を必要とする / 《名》困っている状態，貧困
fried noodles,1,U5-2,焼きそば
firework,1,U5-3,花火
was,1,U5-3,am， isの過去形
fun,1,U5-3,《形》おもしろい，楽しい / 《名》楽しいこと
river,1,U5-3,川
fishing,1,U5-3,【小】（魚）つり
mountain,1,U5-3,山
camping,1,U5-3,キャンプ（生活）
big,1,U5-3,①重要な，すごい　②大きい
small,1,U5-3,小さい
delicious,1,U5-3,とてもおいしい
wonderful,1,U5-3,すばらしい，すてきな
yesterday,1,U5-3,昨日（は）
went,1,U5-3,goの過去形
candy,1,U5-3,キャンディー，砂糖菓子
end,1,U5-3,《動》終わる / 《名》（期間，行為などの）終わり，最後
saw,1,U5-3,seeの過去形
lot,1,U5-3,①［a lotまたはlots で］たくさん　②[a lotまたはlotsで]たいへん，とても
had,1,U5-3,haveの過去形
lots of,1,U5-3,たくさんの，多数の
have a … time,1,U5-3,…な時を過ごす
enjoy …ing,1,U5-3,…して楽しむ
year,1,U5-3,①年，1年　②年度，学年　③…歳，年齢
ate,1,U5-3,eatの過去形
poster,1,SA1,ポスター，広告
starter,1,SA1,先発メンバー
tell,1,SA1,…に（～を）話す，教える
comic,1,SA1,マンガ
movie,1,SA1,映画
other,1,SA1,《代》別の人［もの］，ほかの人［もの］ / 《形》①ほかの，別の　②（2つの中で）もう1つ[一方]の
famous,1,SA1,有名な
book,1,SA1,本
playing,1,SA1,【小】プレーすること
talk,1,SA1,話す，しゃべる
comic book,1,SA1,マンガ本
age,1,SA1,①年齢　/ ②時代
stadium,1,SA1,スタジアム，競技場
picture,1,SA1,絵，絵画，写真
elementary school,1,SA1,小学校
sometimes,1,SA1,ときどき
speech,1,U6-扉,スピーチ，演説
brother,1,U6-扉,兄，弟，兄弟
sister,1,U6-扉,姉，妹，姉妹
language,1,U6-S1,言語，言葉
Asian,1,U6-S1,アジア（人）の
student,1,U6-S1,学生，生徒
weekday,1,U6-S1,平日
weekend,1,U6-S1,週末
scuba diving,1,U6-S1,スキューバダイビング
has,1,U6-S1,haveの三人称単数現在形
his,1,U6-S1,①彼の　②彼のもの
dive,1,U6-S1,もぐる，ダイビングをする
Cebu,1,U6-S1,セブ
… year(s) old,1,U6-S1,…歳，創立…年
go …ing,1,U6-S1,…しに行く
old,1,U6-S1,①年をとった，②古い，③…歳の，（作られてから）…年［月］になる
beautiful,1,U6-S1,美しい
beach,1,U6-S1,浜，海辺
banana,1,U6-S1,【小】バナナ
diving,1,U6-S1,潜水，ダイビング
scuba,1,U6-S1,スキューバ
blog,1,U6-S2,ブログ
local,1,U6-S2,（ある）地方の，地元の
spot,1,U6-S2,地点，場所
does,1,U6-S2,①[疑問文や応答を作る]　②［否定文を作る］
comment,1,U6-S2,批評，コメント
post,1,U6-S2,（インターネットで情報など）を掲示する
waterproof,1,U6-S2,防水の
camera,1,U6-S2,カメラ
a lot of,1,U6-S2,たくさんの，多数の
very much,1,U6-S2,とても，たいへん
doesn’t,1,U6-S2,= does not
write,1,U6-S2,①（…に）手紙を書く　②（…を）書く
life,1,U6-S2,①生命，命，生き物　②生活，暮らし　③一生，人生
nature,1,U6-S2,自然
much,1,U6-S2,《形》[数えられない名詞につけて]多くの，多量の / 《副》①［動詞を修飾して］おおいに，たいへん　②[形容詞・副詞の比較級・最上級を強調して]ずっと，はるかに / 《代》多量，たいへん
take,1,U6-S2,①（ある行動）をとる，する　②…を（手に）取る，…を持っていく，連れていく　③（写真など）を撮る　④（乗り物など）に乗る，…を利用する　⑤…を選ぶ，…を買う
family,1,U6-S2,家族
anyone,1,U6-S3,［疑問文・否定文で］だれか，だれも（…ない）
any,1,U6-S3,《代》どれも（…ない） / 《形》①［疑問文などで］いくらかの，何らかの　②[主に肯定文で]どんな…でも　③[否定分などで]少しの…も（～ない），何も[だれも]（～ない）
question,1,U6-S3,質問，疑問
mix,1,U6-S3,混合
Filipino,1,U6-S3,フィリピンの，フィリピン語（の）
sinigang,1,U6-S3,シニガン
halo-halo,1,U6-S3,ハロハロ
and so on,1,U6-S3,…など
sour,1,U6-S3,酸っぱい
dessert,1,U6-S3,デザート
parfait,1,U6-S3,パフェ
ice cream,1,U6-S3,アイスクリーム
sweet,1,U6-S3,①心地よい，やさしい　②甘い
bean,1,U6-S3,豆
shaved ice,1,U6-S3,かき氷
home,1,U6-S3,《名》家庭，家 / 《副》家に[へ]
and so on,1,U6-S2,…など
sorry,1,U6-UA,①残念で　②すまなく思って　③気の毒で，かわいそうで
fan,1,LT1,扇，うちわ，扇風機
dad,1,LT1,お父さん
mom,1,LT1,お母さん
sure,1,LT1,《形》確信して / 《副》［返事で］もちろん，いいとも
problem,1,LT1,問題
moment,1,LT1,瞬間，ちょっとの間
borrow,1,LT1,…を借りる
open,1,LT1,《形》開いている，屋根のない / 《動》（…を）開く，あく，あける
door,1,LT1,ドア，戸
turn on,1,LT1,（スイッチ）を入れる，つける
No problem.,1,LT1,いいですよ。もちろん。
help … with ～,1,LT1,…を～の面で手伝う
All right.,1,LT1,よろしい。わかった。了解した。
Just a moment.,1,LT1,ちょっと待って。
help,1,LT1,《名》援助，助け / 《動》①（人）が…するのを手伝う　②…を手伝う，助ける，…の役に立つ
homework,1,LT1,宿題
chair,1,LT1,いす
busy,1,LT1,忙しい
foreign,1,U7-扉,外国（へ［から］）の
artist,1,U7-扉,芸術家，芸能人
funny,1,U7-扉,【小】おかしな
drum,1,U7-扉,【小】たいこ
him,1,U7-S1,彼を［に］
pottery,1,U7-S1,陶器，陶芸
piece,1,U7-S1,①部分，断片　②作品
useful,1,U7-S1,役に立つ，有用な
them,1,U7-S1,彼ら［彼女ら，それら］を［に］
performer,1,U7-S1,演技者
perform,1,U7-S1,演じる，演奏する
her,1,U7-S1,①彼女の　②彼女を［に］
show,1,U7-S1,《動》①（～に）…を[…だと]見せる，示す　②…を案内する / 《名》ショー
Euan Craig,1,U7-S1,ユアン・クレイグ[男性名]
Diane,1,U7-S1,ダイアン[名]
U.K.,1,U7-S1,[the U.K.] イギリス［国名］
buy,1,U7-S1,…を買う
place,1,U7-S1,①場所，ところ　②順位，立場
grandfather,1,U7-S1,祖父
grandmother,1,U7-S1,祖母
cushion,1,U7-S2,クッション，ざぶとん
role,1,U7-S2,役，役割
only,1,U7-S2,ただ…だけ
prop,1,U7-S2,小道具
which,1,U7-S2,《代》①どちら，どれ，どちらの人［もの］　②[関係代名詞]…である[する]ところの / 《形》どちらの，どの
comic storytelling,1,U7-S2,話芸
Why don't we …?,1,U7-S2,（いっしょに）…しませんか。
different,1,U7-S2,①ちがう，異なる　②いろいろな
hand,1,U7-S2,《名》手 / 《動》…を手渡す
spaghetti,1,U7-MA,スパゲッティ
pizza,1,U7-MA,【小】ピザ
chocolate,1,U7-MA,【小】チョコレート
cake,1,U7-MA,【小】ケーキ
coffee,1,U7-MA,【小】コーヒー
minute,1,U7-S3,（時間の単位の）分
wait,1,U7-S3,待つ
whose,1,U7-S3,だれの，だれのもの
ticket,1,U7-S3,切符，チケット
yours,1,U7-S3,①［... of yoursで］あなた（たち）の　②あなた（たち）のもの
mine,1,U7-S3,私のもの
maybe,1,U7-S3,たぶん，もしかすると
oops,1,U7-S3,おっと，うわっ，しまった
careful,1,U7-S3,注意深い
history,1,U7-S3,歴史
still,1,U7-S3,まだ，今でも
(Kaito)'s,1,U7-S3,［名詞の所有格を作る］（海斗）の
Here you are.,1,U7-S3,はい，どうぞ。
be careful with,1,U7-S3,…の扱いに気をつける
think,1,U7-UA,①…だと思う　②考える，思う
wrong,1,LT2,ぐあいが悪い
headache,1,LT2,頭痛
bad,1,LT2,悪い，よくない，ひどい
office,1,LT2,事務所，役所
rest,1,LT2,《動》休む，眠る / 《名》休み，休息
hour,1,LT2,①1時間　②時刻
stomachache,1,LT2,胃痛，腹痛
fever,1,LT2,熱
toothache,1,LT2,歯痛
What's wrong?,1,LT2,どうかしたのですか。
That's too bad.,1,LT2,それはいけませんね。
take a rest,1,LT2,ひと休みする
nurse's office,1,LT2,保健室
nose,1,LT2,【小】鼻
leg,1,LT2,【小】脚
doctor,1,LT2,医者，医師
dentist,1,LT2,歯医者，歯科医
hers,1,GfC5,彼女のもの
its,1,GfC5,それの，その
us,1,GfC5,私たちを［に］
ours,1,GfC5,私たちのもの
their,1,GfC5,彼らの，彼女らの，それらの
theirs,1,GfC5,彼ら［彼女ら，それら］のもの
kind,1,GfC5,親切な，やさしい
surprise,1,U8-扉,驚くべきこと，驚き
party,1,U8-扉,パーティー
clothes,1,U8-扉,衣服
surprise party,1,U8-扉,不意打ちパーティー
tomorrow,1,U8-S1,明日（は）
free,1,U8-S1,①自由な，束縛されない　②ひまな
video game,1,U8-S1,テレビゲーム
forward,1,U8-S1,［look forward to …］を楽しみに待つ
then,1,U8-S1,《名》そのとき / 《副》①それから，その次に　②それでは，それなら，そうすると　③そのとき（に）
bye,1,U8-S1,さよなら，バイバイ
What's up?,1,U8-S1,どうしたのですか。
sound like,1,U8-S1,…のように聞こえる，思える
look forward to,1,U8-S1,…を楽しみに待つ
See you.,1,U8-S1,またね。
TV,1,U8-S1,テレビ（放送）
house,1,U8-S1,家，住宅
shop,1,U8-S1,《名》店 / 《動》買い物をする
look forward to,1,U8-S1,…を楽しみに待つ
video,1,U8-S1,映像，動画
what's up?,1,U8-S1,どうしたのですか。
decorate,1,U8-S2,…を飾る
prepare,1,U8-S2,（…の）準備をする，備える
say,1,U8-S2,①（…を）言う，…だと言う　②…と書いてある
forever,1,U8-S2,永久に，永遠に
Happy birthday!,1,U8-S2,誕生日おめでとう。
card,1,U8-S2,カード，はがき
happy,1,U8-S2,幸せな，うれしい，楽しい
best,1,U8-S2,《形》［goodの最上級］最もよい / 《名》最もよいもの，最良の状態 / 《副》[well，very muchの最上級] 最もよく，いちばん（うまく）
quickly,1,U8-S3,速く，すぐに，急いで
happen,1,U8-S3,起こる，生じる
goodness,1,U8-S3,善良さ，優しさ
forget,1,U8-S3,（…を）忘れる
course,1,U8-S3,［of course］もちろん
"Oh, my goodness!",1,U8-S3,（驚きを表して）えっ。おや。まあ。
of course,1,U8-S3,もちろん
You're welcome.,1,U8-S3,どういたしまして。
present,1,U8-S3,プレゼント
come in,1,U8-S3,入る
How nice!,1,U8-S3,いいね。すばらしい。うれしい。
teach,1,U8-UA,（～に）…を教える
T-shirt,1,U8-UA,Tシャツ
dear,1,LW1,親愛なる…（様）［手紙などの書き出しの言葉］
wish,1,LW1,《動》①…であればよいのだが　②…を望む / 《名》祝福の言葉，祈り
soon,1,LW1,すぐに，まもなく
Best wishes for ….,1,LW1,…の幸せを祈ります。
Happy New Year!,1,LW1,新年おめでとう。
Get well soon!,1,LW1,早く元気になってね!
dinner,1,GfC6,夕食，ディナー
act,1,U9-扉,行動する
globally,1,U9-扉,世界的に
locally,1,U9-扉,その地方で，局地的に
wash,1,U9-扉,（…を）洗う
dish,1,U9-扉,料理，（料理の）1品
cousin,1,U9-S1,いとこ
work,1,U9-S1,《動》①努力する，（…に）取り組む　②働く，作業をする　③動く，うまくいく / 《名》仕事，職
as,1,U9-S1,《前》①…として　②…のような / 《接》①【時】…のとき，…するにつれて　②【比較】～と同じくらい…［ふつうas ... as ～の形で用いられる。前のasは副詞］ 
sick,1,U9-S1,病気の
Lily,1,U9-S1,リリー[女性名]
Smith,1,U9-S1,スミス[姓]
Kenya,1,U9-S1,ケニア[国名]
in need,1,U9-S1,困っている
do one's best,1,U9-S1,最善を尽くす
country,1,U9-S1,国
hospital,1,U9-S1,病院
difficult,1,U9-S1,難しい，困難な
try,1,U9-S1,（…を）試す，やってみる，努力する
future,1,U9-S1,《名》未来，将来 / 《形》未来の，将来の
job,1,U9-S1,職，仕事
try to,1,U9-S1,…しようと試みる，努力する
presentation,1,U9-S2,発表，プレゼンテーション
main,1,U9-S2,主な，主要な
later,1,U9-S2,もっと遅く，あとで
ethnic,1,U9-S2,民族（特有）の
line,1,U9-S2,①行　②線，電線，路線　③列，並び
late,1,U9-S2,おくれた，遅刻した
understand,1,U9-S2,（…を）理解する，わかる
listen to,1,U9-S2,…を聞く
in line,1,U9-S2,1列に並んで
get to,1,U9-S2,…に着く，到着する
listen,1,U9-S2,聞く，耳を傾ける
need to,1,U9-S2,…する必要がある
visit,1,U9-MA,《動》（人・場所）を訪ねる / 《名》訪問，見物
museum,1,U9-MA,博物館，美術館
wall,1,U9-MA,【小】かべ
children,1,U9-S3,childの複数形
child,1,U9-S3,子供
well,1,U9-S3,井戸
village,1,U9-S3,村
collect,1,U9-S3,…を集める
volunteer,1,U9-S3,ボランティア
build,1,U9-S3,①…を築き上げる　②…を建てる
money,1,U9-S3,金，通貨
on the other hand,1,U9-S3,他方では，これに反して
for a long time,1,U9-S3,長い間
clean,1,U9-S3,《動》…をそうじする / 《形》きれいな，清潔な
stop,1,U9-UA,《動》①…をとめる，…（するの）をやめる　②とまる，停止する / 《名》停留所，駅
sad,1,U9-UA,悲しい
pardon,1,LT3,［Pardon me?］何とおっしゃいましたか。もう一度おっしゃってください。
along,1,LT3,…に沿って
traffic light,1,LT3,交通信号
Excuse me.,1,LT3,すみません。失礼ですが。
look for,1,LT3,…をさがす
Pardon me?,1,LT3,何とおっしゃいましたか。もう一度おっしゃってください。
Let's see.,1,LT3,［考えながら］ええと。そうですね。
go along,1,LT3,（通り・道）を進む
street,1,LT3,通り，街路
post office,1,LT3,郵便局
way,1,LT3,①方法，やり方　②道，道筋
block,1,LT3,【小】区画
down,1,LT3,下に，下がって
city hall,1,LT3,市役所
traffic,1,LT3,交通
song,1,SA2,歌
That's right.,1,SA2,そのとおり。
hero,1,SA2,英雄，ヒーロー
guess,1,SA2,（…を）推測する
voice,1,SA2,声
original,1,SA2,独創的な，独自の
word,1,SA2,①歌詞　②語，単語，言葉
cheer,1,SA2,［cheer ... up］…を元気づける
cheer … up,1,SA2,…を元気づける
musician,1,SA2,【小】演奏家
climb,1,LR1,…に［を］のぼる
Mt.,1,LR1,［Mountの略。山の名の前につけて］…山
plan,1,LR1,《動》…を計画する / 《名》計画，予定
stay,1,LR1,《動》①とどまる，いる　②…のままでいる　③滞在する，泊まる / 《名》滞在
hut,1,LR1,小屋
sunrise,1,LR1,日の出
interested,1,LR1,興味を持っている
detail,1,LR1,詳細
trail,1,LR1,（通ってできた）小道
climber,1,LR1,登山者
foot,1,LR1,①足　②（山の）ふもと
Bob,1,LR1,ボブ[人名]
Guess what!,1,LR1,あのね，何だと思う？
Here are ….,1,LR1,これが…です。ここに…があります。…をどうぞ。
go up,1,LR1,のぼる，上がる
on foot,1,LR1,徒歩で
trip,1,LR1,旅行
bus,1,LR1,バス
information,1,LR1,情報
crowd,1,LR1,群集，人ごみ
easily,1,LR1,簡単に，楽に，すぐに
choose,1,LR1,…を選ぶ
probably,1,LR1,十中八九，たぶん
anyway,1,LR1,とにかく，それでも
Thank you [Thanks] for ….,1,LR1,…をありがとう。
tired,1,LR1,疲れた
vacation,1,U10-扉,休暇，休み
full,1,U10-S1,《形》いっぱいの，満腹の / 《名》完全
thing,1,U10-S1,もの，こと
musical,1,U10-S1,ミュージカル
theater,1,U10-S1,劇場，映画館
actor,1,U10-S1,（女性を含む）俳優
leading,1,U10-S1,主要な
part,1,U10-S1,①部分，[part of で]…の一部 / ②（芝居などの）役，（仕事の）役目
performance,1,U10-S1,演技，演奏，公演
last,1,U10-S1,①この前の，昨…，先…　②最後の，最終の
London,1,U10-S1,ロンドン
British Museum,1,U10-S1,[the British Museum] 大英博物館
be full of,1,U10-S1,…でいっぱいである
travel,1,U10-S1,旅行する
Olympic(s),1,U10-S1,【小】[the Olympicsで]オリンピック
spent,1,U10-S2,spendの過去形
spend,1,U10-S2,（時）を過ごす
took,1,U10-S2,takeの過去形
came,1,U10-S2,comeの過去形
stood,1,U10-S2,standの過去形
count,1,U10-S2,（…を）数える
midnight,1,U10-S2,夜の12 時，真夜中
said,1,U10-S2,①sayの過去分詞　②sayの過去形
each,1,U10-S2,それぞれの，各自の
felt,1,U10-S2,feelの過去形
feel,1,U10-S2,…と感じる，気持ちがする
Big Ben,1,U10-S2,ビッグベン
Tube,1,U10-S2,ロンドンの地下鉄
Westminster,1,U10-S2,ウエストミンスター
fish and chips,1,U10-S2,フィッシュアンドチップス
count down,1,U10-S2,秒読みする
each other,1,U10-S2,たがい（に）
night,1,U10-S2,夜，晩
tower,1,U10-S2,塔，タワー
subway,1,U10-S2,地下鉄
stand,1,U10-S2,①立つ，立っている　②…をがまんする
clock tower,1,U10-S2,時計塔
walk around,1,U10-S2,歩き回る
brush,1,U10-MA,【小】…をみがく
did,1,U10-S3,doの過去形
got,1,U10-S3,getの過去形
early,1,U10-S3,《副》早く / 《形》早い
traditional,1,U10-S3,伝統的な
parent,1,U10-S3,親，［parentsで］親たち，両親
made,1,U10-S3,①makeの過去形　②makeの過去分詞
brought,1,U10-S3,bringの過去形
nothing,1,U10-S3,何も…ない
special,1,U10-S3,特別の
anywhere,1,U10-S3,［否定文で］どこにも（…ない）
relax,1,U10-S3,くつろぐ
get up,1,U10-S3,起きる，起床する
at home,1,U10-S3,家で［に］
didn’t,1,U10-S3,= did not
New Year’s Day,1,U10-S3,元日
New Year’s Eve,1,U10-S3,【小】おおみそか
grandma,1,LW2,おばあちゃん
fell,1,LW2,fallの過去形
hotel,1,LW2,ホテル，旅館
snow,1,LW2,［itを主語にして］雪が降る
outside,1,LW2,《前》…の内側で[に，へ] / 《副》外で［に，へ］ / 《名》外側，外部
miss,1,LW2,①…がいないのをさびしく思う　②…を見逃す，逃す
care,1,LW2,世話
for the first time,1,LW2,はじめて
fall down,1,LW2,倒れる
take care of,1,LW2,…をだいじにする，［take care of oneself で］体に気をつける
"Love,",1,LW2,[手紙などの結びの言葉]
memory,1,U11-扉,思い出
event,1,U11-扉,①競技，種目　②出来事，行事
entrance ceremony,1,U11-扉,【小】入学式
contest,1,U11-扉,コンテスト，コンクール
rookie,1,U11-S1,ルーキー，新人
against,1,U11-S1,…に対抗して，反対して
another,1,U11-S1,《形》①ほかの，別の，ちがった ②もう1つ[1人]の / 《代》もう1つ[1人]，別のもの[人，こと]
were,1,U11-S1,areの過去形
half,1,U11-S1,《名》半分，2分の1 / 《副》半分だけ
lost,1,U11-S1,①loseの過去分詞　②loseの過去形
lose,1,U11-S1,①…を失う，②負ける
hope,1,U11-S1,（…を）望む，…だとよいと思う
at first,1,U11-S1,最初は，はじめのうちは
wasn’t,1,U11-S1,= was not
weren’t,1,U11-S1,= were not
campground,1,U11-S2,キャンプ場
shower,1,U11-S2,シャワー
outdoor,1,U11-S2,屋外の，野外の
kitchen,1,U11-S2,台所，調理場
set,1,U11-S2,setの過去形
set,1,U11-S2,…を準備する
tent,1,U11-S2,テント
trash,1,U11-S2,ごみ，くず
pick,1,U11-S2,…をつむ，もぐ
set up,1,U11-S2,…を建てる
pick … up,1,U11-S2,…を拾い上げる，車で迎えに行く
Good job.,1,U11-S2,よくやった。
there’s,1,U11-S2,= there is
aren’t,1,U11-S2,= are not
isn’t,1,U11-S2,= is not
lake,1,U11-S2,湖，湖水
convenience store,1,U11-S2,【小】コンビニエンストア
there is [are],1,U11-S2,…がある[いる]
bookstore,1,U11-MA,【小】書店
supermarket,1,U11-MA,スーパーマーケット
fire station,1,U11-MA,【小】消防署
photo,1,U11-S3,写真［photographを短縮した語］
album,1,U11-S3,アルバム
these,1,U11-S3,《形》これらの / 《代》これら，この人たち
back,1,U11-S3,戻って，返して
beat,1,U11-S3,どきどきする
bring back,1,U11-S3,…を思い出させる
on one's way (to),1,U11-S3,（…へ行く）途中で
heart,1,U11-S3,心臓，心
I know.,1,U11-S3,（同意を表して）そうだね。
snowy,1,U11-UA,【小】雪の降る
server,1,LT4,給仕，ウェイター
steak,1,LT4,ステーキ
pleasure,1,LT4,楽しみ，喜び
would like,1,LT4,…がほしい（のですが）
would like to,1,LT4,…したい（のですが）
My pleasure.,1,LT4,どういたしまして。
I’d,1,LT4,= I would
would,1,LT4,①【仮定法】…だろうに　②【勧誘・意向・願望・好み】［would like で］…がほしい（のですが）　［would like to で］…したい（のですが）
corn,1,LT4,トウモロコシ
bread,1,LT4,パン，食パン
chorus,1,SA3,合唱
field,1,SA3,野原，実地の場
ran,1,SA3,runの過去形
relay,1,SA3,リレー競走
runner,1,SA3,走者
behind,1,SA3,…の後ろに
won,1,SA3,①winの過去分詞　②winの過去形
field trip,1,SA3,遠足，校外学習
exciting,1,SA3,興奮させるような，わくわくさせるような
chorus contest,1,SA3,合唱コンクール
school festivel,1,SA3,文化祭
sports day,1,SA3,運動会
poor,1,LR2,貧しい，かわいそうな
lonely,1,LR2,ひとりぼっちの，さびしい
blind,1,LR2,目の不自由な
sell,1,LR2,…を売る
suddenly,1,LR2,突然，急に
drop,1,LR2,①落ちる　②…を落とす
bought,1,LR2,buyの過去形
away,1,LR2,①はなれて，去って　②[right away]すぐに　③なくなって，消え去って
could,1,LR2,［canの過去形］①【能力・可能】…することができた　②【ていねいな依頼】[Could you …?]…してくださいませんか。　③【仮定法】…できるだろうに
thought,1,LR2,thinkの過去形
rich,1,LR2,金持ちの，裕福な
City Lights,1,LR2,「街の灯」[映画名]
Charlie,1,LR2,チャーリー[男性名]
one day,1,LR2,ある日
flower,1,LR2,花
became,1,LR2,becomeの過去形
become,1,LR2,…になる
important,1,LR2,重要な，大切な
met,1,LR2,meetの過去形
told,1,LR2,tellの過去形
gave,1,LR2,giveの過去形
give,1,LR2,（～に）…を与える，渡す，もたらす
thousand,1,LR2,"1,000（の）"
dollar,1,LR2,ドル
surgery,1,LR2,（外科）手術
police ,1,LR2,警察，警察官
stole,1,LR2,stealの過去形
steal,1,LR2,…を盗む
forgetful,1,LR2,忘れっぽい
anything,1,LR2,①[疑問文で]何か　②［否定文で］何も（…ない）
put,1,LR2,putの過去形
jail,1,LR2,刑務所
eye,1,LR2,目，視力
put,1,LR2,①…を置く，入れる，つける　②…を表現する，書く
several,1,LR2,いくつかの
pass,1,LR2,①（…を）通り過ぎる　②（～に）…を手渡す，…を伝える
without,1,LR2,…なしで［に］
touch,1,LR2,…にさわる，ふれる
remember,1,LR2,（…を）思い出す，覚えている
ask,1,LR2,①（…を［に］）たずねる，質問する　②…に（～を）たのむ
smile,1,LR2,《動》ほほえむ，微笑する / 《名》ほほえみ，微笑
nod,1,LR2,うなずく
get out of,1,LR2,…から出る
thanks to,1,LR2,…のおかげで
out,1,LR2,①なくなって，消えて　②外へ［に］，外出して
again,1,LR2,もう一度，再び，また
face,1,LR2,《動》…に直面する / 《名》顔
out of …,1,LR2,…から（外へ）
sandwich,1,WR,【小】サンドイッチ
hamburger,1,WR,【小】ハンバーガー
fried chicken,1,WR,フライドチキン
French flies,1,WR,【小】フライドポテト
grilled fish,1,WR,【小】焼き魚
mineral water,1,WR,【小】ミネラルウォーター
pie,1,WR,【小】パイ
popcorn,1,WR,【小】ポップコーン
pudding,1,WR,【小】プディング
rice ball,1,WR,【小】おにぎり
grape,1,WR,【小】ブドウ
potato,1,WR,ジャガイモ
tomato,1,WR,トマト
circle,1,WR,…を丸で囲む
star,1,WR,【小】星
carrot,1,WR,ニンジン
onion,1,WR,たまねぎ
cross,1,WR,《動》…を横切る，渡る / 《名》【小】十字形
square,1,WR,《形》正方形の / 《名》【小】正方形
bitter,1,WR,【小】苦い
broccoli,1,WR,【小】ブロッコリー
cabbage,1,WR,【小】キャベツ
cherry,1,WR,【小】さくらんぼ
cucumber,1,WR,【小】キュウリ
diamond,1,WR,【小】ひし形
green pepper,1,WR,【小】ピーマン
lemon,1,WR,【小】レモン
lettuce,1,WR,【小】レタス
melon,1,WR,【小】メロン
mushroom,1,WR,【小】キノコ
peach,1,WR,【小】モモ
pineapple,1,WR,【小】パイナップル
radish,1,WR,【小】ラディッシュ
rectangle,1,WR,【小】長方形
salty,1,WR,【小】塩気のある
strawberry,1,WR,【小】イチゴ
triangle,1,WR,【小】三角形
watermelon,1,WR,【小】スイカ
jump,1,WR,【小】とぶ
ride,1,WR,《動》…に乗る，乗っていく / 《名》（乗り物などに）乗ること
draw,1,WR,【小】（線画）をかく
shopping,1,WR,【小】買い物
cycling,1,WR,【小】サイクリング
skate,1,WR,【小】スケートをする
throw,1,WR,【小】…を投げる
volleyball,1,WR,バレーボール
drama,1,WR,【小】劇
newspaper,1,WR,新聞
calligraphy,1,WR,書道
archery,1,WR,【小】アーチェリー
gymnastics,1,WR,【小】体操
track and field,1,WR,【小】陸上競技
cooking,1,WR,料理，料理法
entrance,1,WR,【小】入口
moral education,1,WR,【小】道徳
principal's office,1,WR,【小】校長室
restroom,1,WR,【小】お手洗い
textbook,1,WR,【小】教科書
dictionary,1,WR,【小】辞書
crayon,1,WR,【小】クレヨン
glue stick,1,WR,【小】スティックのり
graduation ceremony,1,WR,【小】卒業式
pencil case,1,WR,【小】筆箱
school trip,1,WR,【小】修学旅行
scissors,1,WR,【小】はさみ
stapler,1,WR,【小】ホッチキス
swimming meet,1,WR,【小】水泳大会
volunteer day,1,WR,【小】ボランティア・デー
reading,1,WR,【小】読書
Children's Day,1,WR,【小】こどもの日
Dolls' Festival,1,WR,【小】ひなまつり
hiking,1,WR,【小】ハイキング
Star Festival,1,WR,【小】七夕祭り
garbage,1,WR,【小】生ごみ
leave,1,WR,①…を置いていく　②去る，出発する
table,1,WR,【小】テーブル
telephone,1,WR,【小】電話
shirt,1,WR,シャツ
pants,1,WR,ズボン
bat,1,WR,【小】バット
wheelchair,1,WR,車いす
sweater,1,WR,セーター
calender,1,WR,【小】カレンダー
glove,1,WR,【小】（野球などの）グローブ
recorder,1,WR,【小】リコーダー
shorts,1,WR,【小】短パン
violin,1,WR,【小】バイオリン
cow,1,WR,【小】乳牛
tiger,1,WR,【小】トラ
snake,1,WR,【小】ヘビ
horse,1,WR,【小】ウマ
monkey,1,WR,【小】サル
chicken,1,WR,とり肉，チキン
bear,1,WR,クマ
pig,1,WR,【小】ブタ
frog,1,WR,【小】カエル
island,1,WR,島
koala,1,WR,コアラ
gorilla,1,WR,ゴリラ
panda,1,WR,（ジャイアント）パンダ
rainbow,1,WR,【小】にじ
spider,1,WR,【小】クモ
train,1,WR,列車，電車
car,1,WR,車，自動車
taxi,1,WR,【小】タクシー
bicycle,1,WR,【小】自転車
boat,1,WR,ボート
department store,1,WR,デパート
amusement park,1,WR,【小】遊園地
aquarium,1,WR,【小】水族館
castle,1,WR,【小】城
gas station,1,WR,【小】ガソリンスタンド
police station,1,WR,【小】警察署
truck,1,WR,【小】トラック
body,1,WR,体
head,1,WR,頭
ear,1,WR,【小】耳
mouth,1,WR,【小】口
shoulder,1,WR,【小】肩
knee,1,WR,【小】ひざ
toe,1,WR,【小】足の指
farmer,1,WR,農場主
scientist,1,WR,科学者
sleepy,1,WR,【小】眠い
friendly,1,WR,好意的な，親切な
active,1,WR,【小】活動的な
astronaut,1,WR,【小】宇宙飛行士
baker,1,WR,【小】パン焼き職人
comedian,1,WR,【小】コメディアン
fire fighter,1,WR,【小】消防士
flight attendant,1,WR,【小】（飛行機の）客室乗務員
florist,1,WR,【小】生花店（の店主）
pilot,1,WR,【小】パイロット
vet,1,WR,【小】獣医
spell,1,WR,【小】（語）をつづる
sit,1,WR,すわる，すわっている
ago,2,U0-RT,（今から）…前に
arrive,2,U0-RT,到着する
fossil,2,U0-RT,化石
hunting,2,U0-RT,狩り，さがし求めること
found,2,U0-RT,①findの過去分詞　②findの過去形
find,2,U0-RT,①…を見つける，発見する　②…に気がつく，…がわかる
plant,2,U0-RT,植物
dinosaur,2,U0-RT,恐竜
tyrannosaurus,2,U0-RT,ティラノサウルス
arrive at,2,U0-RT,…に着く，到着する
experience,2,U1-扉,《動》…を経験する / 《名》経験，体験
overseas,2,U1-扉,《副》外国へ[で]，海外へ[で] / 《名》外国，国外 / 《形》外国［海外］への，海外の
Singapore,2,U1-扉,シンガポール
golden,2,U1-S1,金色の，すばらしい
holiday,2,U1-S1,休日，休暇
abroad,2,U1-S1,外国に［へ，で］，海外に［へ，で］
aunt,2,U1-S1,おば，おばさん
uncle,2,U1-S1,おじ，おじさん
husband,2,U1-S1,夫
wife,2,U1-S1,妻
"the ""Golden Week"" horidays",2,U1-S1,ゴールデンウィーク
airplane,2,U1-S1,【小】飛行機
be going to,2,U1-S1,…するつもりだ
far,2,U1-S2,遠くに［へ］
will,2,U1-S2,①【単なる未来】…でしょう，…だろう　②【意志】…するつもりだ
seafood,2,U1-S2,シーフード
reservation,2,U1-S2,予約
Merlion Park,2,U1-S2,マーライオン公園
Merlion,2,U1-S2,[the Merlion] マーライオン
you’ll,2,U1-S2,= you will
I’ll,2,U1-S2,= I will
meter,2,U1-RT1,メートル
tall,2,U1-RT1,①［身長・高さを表す名詞のあとに用いて］身長［高さ］が…ある　②背が高い，高い
weigh,2,U1-RT1,…の重さがある
ton,2,U1-RT1,トン
gift,2,U1-RT1,贈り物
cookie,2,U1-RT1,クッキー
Ferris Wheel,2,U1-RT1,観覧車
rode,2,U1-RT2,rideの過去形
scary,2,U1-RT2,恐ろしい，こわい
communicate,2,U1-RT2,連絡する，意思の疎通をする
culture,2,U1-RT2,文化
Singapore Flyer,2,U1-RT2,[the Singapore Flyer] シンガポールフライヤー
Malay,2,U1-RT2,マレー語
Chinese,2,U1-RT2,《名》中国語 / 《形》中国の
Tamil,2,U1-RT2,タミル語
guest,2,LT1,客，泊まり客
clerk,2,LT1,店員，フロント係
air conditioner,2,LT1,エアコン，冷房
certainly,2,LT1,［返事で］承知しました
apologize,2,LT1,謝る，わびる
trouble,2,LT1,困難，面倒，迷惑
right away,2,LT1,すぐに
next door,2,LT1,となりの部屋［家］の［に］
we’ll,2,LT1,= we will
check,2,LT1,《動》…を調べる，チェックする / 《名》検査
change,2,U2-扉,《名》変化 / 《動》①…を変える　②（電車など）を乗りかえる　③変わる，変化する
world,2,U2-扉,世界，世界中の人々
kind,2,U2-S1,種類
recipe,2,U2-S1,調理法，レシピ
pilaf,2,U2-S1,ピラフ
even,2,U2-S1,①…でさえ　②[比較級を強調して]さらにいっそう
heard,2,U2-S1,①hearの過去分詞　②hearの過去形
hear,2,U2-S1,①…を耳にする，聞いて知る　②…が聞こえる，…を聞く
… kind(s) of ～,2,U2-S1,…種類の～
hear of,2,U2-S1,…について聞く
never,2,U2-S1,①今までに一度も…しない　②決して…ない
sometime,2,U2-S2,いつか，そのうち
if,2,U2-S2,①【条件・仮定】もし…ならば　②【仮定法過去】（あり得ないことだが）もし…ならば
originally,2,U2-S2,もとは，はじめは
India,2,U2-S2,インド[国名]
you know,2,U2-S2,ねえ，…でしょう
be interested in,2,U2-S2,…に興味がある
directly,2,U2-RT1,直接に
century,2,U2-RT1,世紀，100年
spice,2,U2-RT1,香辛料，スパイス
British,2,U2-RT1,《名》イギリス[英国]人 / 《形》イギリス［英国］の，イギリス人の
company,2,U2-RT1,会社
produce,2,U2-RT1,…を生産する，…を生じる
powder,2,U2-RT1,粉
sale,2,U2-RT1,販売
chef,2,U2-RT1,シェフ，コック長
flour,2,U2-RT1,小麦粉
thick,2,U2-RT1,濃い，どろっとした
come from,2,U2-RT1,…出身である，…から来ている
for sale,2,U2-RT1,売り物の
easy,2,U2-RT1,やさしい，簡単な
blend,2,U2-RT2,混合物，ブレンド
create,2,U2-RT2,…を創造する，つくり出す
sauce,2,U2-RT2,ソース
roll,2,U2-RT2,巻いたもの
U.S.,2,U2-RT2,［the U.S.］アメリカ合衆国，米国
because,2,U2-RT2,…だから，…なので
raw,2,U2-RT2,生の
avocado,2,U2-RT2,アボカドの実
wrap,2,U2-RT2,①…を包む　②…を巻きつける
seaweed,2,U2-RT2,海藻
Italy,2,U2-RT2,イタリア[国名]
Naples,2,U2-RT2,ナポリ
California roll,2,U2-RT2,カリフォルニアロール
name … after ～,2,U2-RT2,～にちなんで（人など）を…と名づける
may,2,LT2,①【推量】…かもしれない，（たぶん）…だろう　②【許可】…してもよい
favor,2,LT2,親切な行為
menu,2,LT2,メニュー
ask … a favor,2,LT2,…にお願いする
Say cheese!,2,LT2,はい，チーズ！
call back,2,LT2,折り返し電話する
May I …?,2,LT2,…してもよいですか。
AI,2,U3-扉,［Artificial Intelligence］人工知能
take … away,2,U3-扉,…を奪う，持ち去る
learn,2,U3-S1,（…を）学ぶ，習う
progress,2,U3-S1,《動》進歩する / 《名》進歩，発達
lives,2,U3-S1,lifeの複数形
disappear,2,U3-S1,姿を消す，消滅する
appear,2,U3-S1,現れる，姿を現す
should,2,U3-S1,…すべきである
article,2,U3-S2,記事
translator,2,U3-S2,翻訳家，通訳者
surprised,2,U3-S2,驚いた，びっくりした
according,2,U3-S2,［according to］によれば
translation,2,U3-S2,翻訳
career,2,U3-S2,職業
advice,2,U3-S2,忠告，助言
in the future,2,U3-S2,未来に，将来に
according to,2,U3-S2,…によれば
here’s,2,U3-S2,= here is
Career Day,2,U3-S2,職業体験日
explain,2,U3-RT1,（…を）説明する
translate,2,U3-RT1,…を訳す，翻訳する
sentence,2,U3-RT1,文
knew,2,U3-RT1,knowの過去形
deep,2,U3-RT1,深い
knowledge,2,U3-RT1,知識，理解
develop,2,U3-RT1,…を発達させる
sense,2,U3-RT1,感覚，センス
various,2,U3-RT1,いろいろな
general,2,U3-RT1,一般的な，総合的な，全般的な
specific,2,U3-RT1,特定の，具体的な
continue,2,U3-RT1,①…を続ける　②…を続ける
strength,2,U3-RT1,強さ，長所
misunderstand,2,U3-RT2,…を誤解する
meaning,2,U3-RT2,意味
moreover,2,U3-RT2,なおそのうえに，さらに
writer,2,U3-RT2,筆者，作家
feeling,2,U3-RT2,感情，気持ち
catch,2,U3-RT2,①…を見逃さずに見る[聞く]　②…を捕まえる，…をとらえる
human,2,U3-RT2,《形》人間の，人間的な / 《名》人間，人
necessary,2,U3-RT2,必要な
effectively,2,U3-RT2,効果的に
relationship,2,U3-RT2,関係，結びつき
connect,2,U3-RT2,①…を結びつける，つなぐ　②つながる
everything,2,U3-RT2,何でも，全てのもの［こと］
reason,2,U3-RT2,理由，根拠
between,2,U3-RT2,…（と～）の間で［に，の］
through,2,U3-RT2,①【時間】…の間中　②【貫通】…を通り抜けて　③【原因・手段】…のために，…によって
bridge,2,U3-RT2,橋
phone,2,LW1,電話
paper,2,LW1,紙，用紙
attach,2,LW1,…をつける
e-mail,2,LW1,Eメール
I'm sorry (that) ….,2,LW1,（…して）ごめんなさい。すみません。
take a look,2,LW1,ちらりと見る，見てみる
"Bye for now,",2,LW1,さようなら。それでは。［Eメールなどの結びの言葉］
for now,2,LW1,今のところは
message,2,SA1,伝言，メッセージ
myself,2,SA1,私自身を［に］
guide,2,SA1,《動》…を案内する / 《名》ガイド，案内人
tour,2,SA1,旅行，ツアー，見学
improve,2,SA1,①…を改善する，上達させる　②よくなる，進歩する
skill,2,SA1,腕前，技術
work out,2,SA1,運動をする，体を鍛える
work out,2,SA1,運動をする，体を鍛える
taught,2,SA1,teachの過去形
introduce,2,SA1,…を紹介する
tourist,2,SA1,観光客，旅行者
from abroad,2,SA3,海外から（の）
however,2,LR1,しかしながら，けれども
ancient,2,LR1,古代の
Egyptian,2,LR1,エジプト人
sun,2,LR1,太陽，日
stick,2,LR1,棒
ground,2,LR1,地面，土地
shadow,2,LR1,影
time keeping,2,LR1,時間の計測
long ago,2,LR1,ずっと前に
some of …,2,LR1,…のうちいくつか［いく人か］
start,2,LR1,《名》始まり，スタート / 《動》①始まる，出発する，開始する　②…を始める
measure,2,LR1,…をはかる
pot,2,LR1,つぼ，かめ
tiny,2,LR1,ごく小さい
hole,2,LR1,穴
decrease,2,LR1,減る，減少する
fire,2,LR1,《名》①火事，火災　②火，炎 / 《動》…を首にする，解雇する
burn,2,LR1,《名》やけど / 《動》…を燃やす
candle,2,LR1,ろうそく
example,2,LR1,例，実例
at night,2,LR1,夜に（は）
little by little,2,LR1,少しずつ
for example,2,LR1,例えば
little by little,2,LR1,少しずつ
light,2,LR1,①明かり，電灯　②光
mechanical,2,LR1,機械の
weight,2,LR1,重いもの，おもり
power,2,LR1,《名》①力，能力　②動力，電力 / 《動》…に動力を供給する，…を動力で動かす
bell,2,LR1,ベルや鈴，かね（の音）
heavy,2,LR1,重い
move,2,LR1,①動く，引っこす　②…を動かす
light,2,LR1,軽い
eventually,2,LR1,最後には，ようやく
began,2,LR1,beginの過去形
begin,2,LR1,①…を始める　②始まる / [begin to] …しはじめる 
carry,2,LR1,…を（持ち）運ぶ，…を持っていく
begin to,2,LR1,…し始める
everywhere,2,LR1,どこでも，いたるところに［で］
result,2,LR1,結果
invention,2,LR1,発明，発明品
effort,2,LR1,努力
recognize,2,LR1,（見たり聞いたり して）…とわかる，…を認識する
technology,2,LR1,（科学）技術，テクノロジー
wisdom,2,LR1,知恵
it is time to …,2,LR1,…すべき時である
homestay,2,U4-扉,ホームステイ
United States,2,U4-扉,［the United States（of America）］アメリカ合衆国
member,2,U4-扉,一員，メンバー
follow,2,U4-S1,…に従う，…を守る
rule,2,U4-S1,①規則，ルール　②支配，統治
host,2,U4-S1,（招待した客をもてなす）主人（役）
perfect,2,U4-S1,完全な，完ぺきな，最適な
have to,2,U4-S1,…しなければならない
has to,2,U4-S1,…しなければならない
don't [doesn't] have to,2,U4-S1,…しなくてよい
host family,2,U4-S1,ホストファミリー [ホームステイ先の家族]
Mrs.,2,U4-S2,［結婚している女性をさして］…さん，先生
must,2,U4-S2,…しなければならない
alone,2,U4-S2,ひとりで，ただ…だけ
safe,2,U4-S2,安全な
young,2,U4-S2,若い，幼い
Wilson,2,U4-S2,ウィルソン[姓]
go out,2,U4-S2,外出する
mustn’t,2,U4-S2,= must not
must not,2,U4-S2,…してはいけない
case,2,U4-RT1,①場合　②事例
finish,2,U4-RT1,…を終える
bathroom,2,U4-RT1,浴室
such,2,U4-RT1,①そのような，このような　②そんなに［こんなに］…な
save,2,U4-RT1,①…を救う　②…を節約する
plate,2,U4-RT1,（浅い）取り皿
hurt,2,U4-RT1,…を傷つける
elderly,2,U4-RT2,年配の
couple,2,U4-RT2,夫婦
bored,2,U4-RT2,退屈した
hobby,2,U4-RT2,趣味
kept,2,U4-RT2,keepの過去形
keep,2,U4-RT2,①（人・もの）を…の状態にしておく　②（ずっと）…を持っている，預かる　③［keep ...ing で］…し続ける
carefully,2,U4-RT2,注意深く
both,2,U4-RT2,［both ... and ～］…も～も両方
one of,2,U4-RT2,…の1つ［1人］
after all,2,U4-RT2,結局，とうとう
keep …ing,2,U4-RT2,…し続ける
couldn’t,2,U4-RT2,= could not
especially,2,LW2,特に，とりわけ
"Best wishes,",2,LW2,それでは。［手紙の結びの言葉］
won’t,2,GfC4,= will not
universal design,2,U5-扉,ユニバーサルデザイン
design,2,U5-扉,《動》…を設計する / 《名》デザイン
universal,2,U5-扉,全ての人々の
product,2,U5-S1,製品
exhibition,2,U5-S1,展示
first-hand,2,U5-S1,直接に，じかに
facility,2,U5-S1,施設，設備
how to,2,U5-S1,…する方法，どう…するか
staff,2,U5-S2,職員，従業員
jar,2,U5-S2,びん，つぼ
bump,2,U5-S2,でこぼこ
braille,2,U5-S2,点字
helpful,2,U5-S2,助けになる，役に立つ
feature,2,U5-S2,特色，特徴
over here,2,U5-S2,こちらに，こちらでは
plastic,2,U5-RT1,プラスチック［ビニール］製の
hold,2,U5-RT1,①…を持つ，つかむ，抱く　②…を開く，行う
common,2,U5-RT1,ふつうの，よくある，共通の
glad,2,U5-RT1,うれしい
handrail,2,U5-RT1,手すり
finger,2,U5-RT1,（手の）指
ramp,2,U5-RT1,スロープ
stair,2,U5-RT1,［stairsで］階段
pull,2,U5-RT1,…をひく，ひっぱる
luggage,2,U5-RT1,手荷物
baby,2,U5-RT1,赤ん坊
shape,2,U5-RT1,形
plastic bottle,2,U5-RT1,ペットボトル
American,2,U5-RT2,アメリカの，アメリカ人の
professor,2,U5-RT2,教授
childhood,2,U5-RT2,子供のころ
better,2,U5-RT2,《形》［good，well の比較級］もっとよい，よくなって /《副》 [well，very muchの比較級]よりよく，より以上に
society,2,U5-RT2,社会
disabled,2,U5-RT2,体の不自由な
remove,2,U5-RT2,…を取り除く
barrier,2,U5-RT2,壁，障壁
found,2,U5-RT2,…を創立する
center,2,U5-RT2,（活動などの）中心地，センター
spread,2,U5-RT2,spreadの過去形
spread,2,U5-RT2,①…を広げる，広める　②広がる，広まる
Ronald Mace,2,U5-RT2,ロナルド・メイス[男性名]
(1970)s,2,U5-RT2,(1970)年代
way to,2,U5-RT2,…する方法
downtown,2,LT3,（町の）中心街
east,2,LT3,東，東部
west,2,LT3,西，西部
Raffles Place,2,LT3,ラッフルズ・プレイス
Downtown Line,2,LT3,[the Downtown Line] ダウンタウン線
Bugis,2,LT3,ブギス[地名]
East West Line,2,LT3,[the East West Line] 東西線
change trains,2,LT3,電車を乗りかえる
research,2,U6-扉,《名》研究，調査 / 《動》…を研究する，調査する
topic,2,U6-扉,話題，トピック
trivia,2,U6-S1,雑学的な知識
quiz,2,U6-S1,クイズ
than,2,U6-S1,…よりも
neighbor,2,U6-S1,近所の人，隣人
Godzilla,2,U6-S1,ゴジラ
Statue of Liberty,2,U6-S1,[the Statue of Liberty] 自由の女神像
action,2,U6-S2,アクション，行動
comedy,2,U6-S2,喜劇，コメディー
animated,2,U6-S2,アニメの
fiction,2,U6-S2,小説，フィクション
more,2,U6-S2,《形》[many，muchの比較級]もっと多くの / 《代》もっと多くのもの[こと] / 《副》①［比較級を作る］（～より）もっと…　②[動詞を修飾して]もっと
most,2,U6-S2,《副》①［最上級を作る］いちばん…，最も…　②[動詞を修飾して]いちばん，最も / 《形》たいていの，大部分の / 《代》[most of＋名詞で]…の大部分，ほとんど
answer,2,U6-S2,《名》答え，返事 / 《動》…に答える
science fiction,2,U6-S2,空想科学小説，SF
large,2,U6-S2,①大きい，広い　②多い，多数の
graph,2,U6-RT1,グラフ，図表
percent,2,U6-RT1,パーセント
story,2,U6-RT1,話，物語
horror,2,U6-RT1,恐怖
as for,2,U6-RT1,…について言えば
… such as ～,2,U6-RT1,～のような…
as a result (of),2,U6-RT1,（ …の）結果として
more than,2,U6-RT1,①…より多い　②…より多くの人[もの，こと]
same,2,U6-RT1,《形》同じ，同一の / 《代》同じもの[こと]
feedback,2,U6-RT2,意見，フィードバック
speaker,2,U6-RT2,話す人，演説者
content,2,U6-RT2,中身，内容
delivery,2,U6-RT2,話しぶり
contact,2,U6-RT2,《動》…と連絡をとる / 《名》接触
spoke,2,U6-RT2,speak の過去形
clearly,2,U6-RT2,はっきりと
data,2,U6-RT2,資料，データ
slide,2,U6-RT2,（映写機の）スライド
letter,2,U6-RT2,①文字　②手紙
row,2,U6-RT2,（座席の）列
feel like …ing,2,U6-RT2,…したい気がする
eye contact,2,U6-RT2,視線を合わすこと，アイコンタクト
slow,2,U6-UA,【小】やわらかい
goods,2,LT4,商品，品物
size,2,LT4,サイズ，寸法
price,2,LT4,値段
medium,2,LT4,中くらいの，Mサイズの
customer,2,LT4,客，顧客
shall,2,LT4,［相手の意思をたずねて］ ［Shall I［we］...? で］…しましょうか。
How much …?,2,LT4,①どのくらいの量の　②…はいくらですか。
May I help you?,2,LT4,[店員が客に対して] いらっしゃいませ。
Shall I [we] …?,2,LT4,…しましょうか。
glass,2,LR2,コップ，グラス
once,2,LR2,かつて，以前，昔
door-to-door,2,LR2,戸別に，1 軒ずつ
earn,2,LR2,…をかせぐ
few,2,LR2,少しの
coin,2,LR2,硬貨，コイン
knock,2,LR2,ノックする，コツコツたたく
well-off,2,LR2,裕福な
herself,2,LR2,彼女自身，自ら
a glass of,2,LR2,コップ1杯（の量）の
a few,2,LR2,少数の，いくらかの
be about to,2,LR2,今にも…しようとしている
pocket,2,LR2,ポケット
reply,2,LR2,…と答える
pay,2,LR2,（代金などを）払う
kindness,2,LR2,親切，親切な行為
left,2,LR2,leaveの過去形
wonder,2,LR2,《動》思いをめぐらす / 《名》驚き，不思議
with a smile,2,LR2,にっこり笑って
do well,2,LR2,順調にやる，元気になる
strong,2,LR2,強い，じょうぶな
ill,2,LR2,病気で，ぐあい［気分］が悪い
sent,2,LR2,①sendの過去分詞　②sendの過去形
send,2,LR2,（～に）…をおくる，（人）を行かせる
operation,2,LR2,手術
woke,2,LR2,wakeの過去形
wake,2,LR2,目が覚める
alive,2,LR2,生きて，生きた状態で
realize,2,LR2,…だと気づく
envelope,2,LR2,封筒
bill,2,LR2,請求書
afraid,2,LR2,こわがって
inside,2,LR2,内側に，内部に
note,2,LR2,①紙幣　②メモ，覚え書き
paid,2,LR2,支払い済みの
go by,2,LR2,（時間が）過ぎる，通り過ぎる
in front of,2,LR2,…の前で［に］
wake up,2,LR2,目が覚める，目を覚ます
be afraid to,2,LR2,…するのがこわい
in full,2,LR2,全部
heritage,2,U7-扉,（文化的な）遺産
site,2,U7-扉,①（インターネットの）サイト　②遺跡
World Heritage site,2,U7-扉,世界遺産
unique,2,U7-S1,特有の，独特な
precious,2,U7-S1,貴重な，大切な
select,2,U7-S1,…を選ぶ
own,2,U7-S1,自分自身の，独自の
type,2,U7-S1,タイプ，種類
natural,2,U7-S1,自然の
cultural,2,U7-S1,文化の
mixed,2,U7-S1,混合した
selection,2,U7-S1,選択
standard,2,U7-S1,基準
decide,2,U7-S1,…を決める
conference,2,U7-S1,会議，評議会
UNESCO,2,U7-S1,ユネスコ，国連教育科学文化機関
all over,2,U7-S1,…のいたるところに［で，の］
list,2,U7-S2,《名》表，リスト / 《動》…を（文化財のリストに）載せる
oily,2,U7-S2,油を含んだ
mist,2,U7-S2,霧
leaves,2,U7-S2,leafの複数形
leaf,2,U7-S2,（草木の）葉
forest,2,U7-S2,森，森林
beauty,2,U7-S2,美しさ，美
preserve,2,U7-S2,…を保存する，保護する
Blue Mountains,2,U7-S2,ブルーマウンテンズ
eucalyptus,2,U7-S2,ユーカリ
because of,2,U7-S2,…のために
canal,2,U7-RT1,運河，水路
gondola,2,U7-RT1,ゴンドラ
built,2,U7-RT1,buildの過去分詞
across,2,U7-RT1,…を横切って，横断して
grand,2,U7-RT1,壮大な，雄大な
sight,2,U7-RT1,光景，名所
attractive,2,U7-RT1,魅力的な
serious,2,U7-RT1,重大な，（病気などが）重い
citizen,2,U7-RT1,市民
sink,2,U7-RT1,（水中に）しずむ
cruise,2,U7-RT1,遊覧，クルージング
wave,2,U7-RT1,波
damage,2,U7-RT1,…に損害を与える
Venice,2,U7-RT1,ベネチア
Rialto Bridge,2,U7-RT1,[the Rialto Bridge] リアルト橋
Grand Canal,2,U7-RT1,[the Grand Canal] 大運河
soft,2,U7-RT1,やわらかい
known,2,U7-RT2,knowの過去分詞
worldwide,2,U7-RT2,世界中に，世界的に
similar,2,U7-RT2,同じような，似た
sacred,2,U7-RT2,神聖な
inspiration,2,U7-RT2,インスピレーション，すばらしい思いつき
print,2,U7-RT2,《動》…を印刷する / 《名》版画
influence,2,U7-RT2,…に影響を及ぼす
seen,2,U7-RT2,seeの過去分詞
angle,2,U7-RT2,角度
for one thing,2,U7-RT2,1つには［理由を述べるときに用いる］
for another,2,U7-RT2,別の理由としては［for one thingのあとに用いる］
held,2,LT5,①holdの過去形　②holdの過去分詞
taken,2,GfC6,takeの過去分詞
cafe,2,SA3,喫茶店，カフェ
mango,2,SA3,マンゴー
beside,2,SA3,…のそばに
planet,2,LR3,惑星
photograph,2,LR3,写真
university,2,LR3,大学
attracted,2,LR3,ひきつけられる
middle,2,LR3,中央，真ん中
wilderness,2,LR3,荒野
himself,2,LR3,①彼自身，自ら　②彼自身を［に］
wrote,2,LR3,writeの過去形
mayor,2,LR3,市長，町長，村長
invite,2,LR3,…を招待する，招く
true,2,LR3,本当の，真実の
Alaska,2,LR3,アラスカ
Shishmaref,2,LR3,シシュマレフ
in the middle of,2,LR3,…の真ん中に［の］
for himself,2,LR3,自分で，独力で
come true,2,LR3,実現する，本当になる
among,2,LR3,…の中で［に，を］，…の間で［に，を］
convenience,2,LR3,便利なこと［もの］
hunt,2,LR3,…を狩る，狩りをする
meat,2,LR3,肉
gather,2,LR3,…を集める，…をつむ
berry,2,LR3,ベリー
tradition,2,LR3,伝統
harmoniously,2,LR3,調和して
understood,2,LR3,understandの過去形
living,2,LR3,生きている
share,2,LR3,…を共有する
Inuit,2,LR3,イヌイット(の)
Alaskan,2,LR3,アラスカの
return,2,LR3,帰る，戻る
photographer,2,LR3,写真家
camp,2,LR3,キャンプをする
severe,2,LR3,厳しい
wild,2,LR3,野生の
freedom,2,LR3,自由
playful,2,LR3,楽しげな，陽気な
scene,2,LR3,景色，光景
kill,2,LR3,…を殺す
tundra,2,LR3,ツンドラ，凍土帯
caribou,2,LR3,カリブー[北米産のトナカイ。群れとしては複数形もcaribou]
polar bear,2,LR3,ホッキョクグマ
Kamchatka,2,LR3,カムチャツカ半島[シベリア東端にある半島]
glacier,2,LR3,氷河
global warming,2,LR3,地球温暖化
enough,2,LR3,十分な，必要なだけの
habitat,2,LR3,生息地
grow,2,LR3,①成長する，増加する　②（しだいに）…になる
land,2,LR3,土地
into,2,LR3,①【運動・方向】…の中へ[に]　②【質の変化】…に（なる）
rise,2,LR3,のぼる，上がる，上昇する
slowly,2,LR3,ゆっくりと，遅く
warm,2,LR3,あたたかい
twice,2,LR3,2倍，2度
rest,2,LR3,残り，その他
Earth,2,LR3,地球
remind,2,LR3,…に思い出させる，気づかせる
past,2,LR3,過去
sea level(s),2,LR3,海水面，平均海面
Arctic,2,LR3,北極地方
turn into,2,LR3,…になる，変わる
twice as … as ～,2,LR3,～より2倍…
remind … of ～,2,LR3,…に～を思い出させる
pass on … to ～,2,LR3,…を～に伝える
fact,3,U0-S,事実，現実
spoken,3,U0-S,speakの過去分詞
researcher,3,U0-S,研究者
believe,3,U0-S,…だと思う，信じる
increase,3,U0-S,…を増やす，増大させる
brain,3,U0-S,頭脳
wide,3,U0-S,幅の広い，（範囲などが）広い
variety,3,U0-S,①［a (...) variety of ～で］さまざまな～，いろいろな～，…な種類の～　②変化（に富んでいること）
It is said that ….,3,U0-S,…であるといわれている。
a … variety of ～,3,U0-S,さまざまな～，いろいろな～，…な種類の～
title,3,U1-扉,題名，表題
apply,3,U1-S1,当てはまる
Paralympic,3,U1-S1,パラリンピック競技の
somewhere,3,U1-S1,どこかに［へ，で］
below,3,U1-S1,下に，下記に［の］
above,3,U1-S1,上に，上記に［の］
sitting volleyball,3,U1-S1,シッティングバレーボール
triathlon,3,U1-S1,トライアスロン
athletics,3,U1-S1,陸上競技
ever,3,U1-S2,［疑問文で］今まで，かつて
Paralympic Games,3,U1-S2,［the Paralympic Games］パラリンピック（身体・知的障がい者の国際スポーツ大会）
been,3,U1-S2,beの過去分詞
match,3,U1-S2,試合，競技
athlete,3,U1-S2,運動選手，アスリート
internet,3,U1-S2,インターネット
have been to,3,U1-S2,…に行ったことがある
on TV,3,U1-S2,テレビで
check … out,3,U1-S2,…を調査する
check … out,3,U1-S2,…を調査する
haven’t,3,U1-S2,= have not
I’ve,3,U1-S2,= I have
on the internet,3,U1-S2,インターネットで
championship,3,U1-RT1,選手権，優勝
amaze,3,U1-RT1,…をびっくりさせる
speed,3,U1-RT1,スピード，速度
amazing,3,U1-RT1,驚くべき
uncomfortable,3,U1-RT1,心地よくない
well-known,3,U1-RT1,有名な
winner,3,U1-RT1,勝者，受賞者
positive,3,U1-RT1,肯定の，前向きな
Grand Slam,3,U1-RT1,グランドスラム
be amazed at,3,U1-RT1,…に驚かされる
possible,3,U1-RT2,（物事が）可能な，できる
establish,3,U1-RT2,…を設立する
user,3,U1-RT2,使用［利用］者，ユーザー
satisfy,3,U1-RT2,…を満足させる
ordinary,3,U1-RT2,ふつうの
custom-made,3,U1-RT2,注文で作った
sporty,3,U1-RT2,スポーティーな，走りの軽快な
functional,3,U1-RT2,実用的な
stylish,3,U1-RT2,おしゃれな，センスのよい
opinion,3,U1-RT2,意見，考え
support,3,U1-RT2,…を支援する，応援する
be satisfied with,3,U1-RT2,…に満足する
more and more,3,U1-RT2,ますます（多くの）
decide to,3,U1-RT1,…しようと決心する
awesome,3,LW1,すばらしい，最高の
bright,3,LW1,明るい
horizon,3,LW1,地平線，水平線
hopeful,3,LW1,希望を持っている
challenge,3,LW1,難問
super,3,LW1,とても，すごく
audience,3,LW1,聴衆，観客
Justin Thyme,3,LW1,ジャスティン・タイム[人名]
get over,3,LW1,…を乗りこえる
write … back,3,LW1,…に手紙の返事を書く
"All the best,",3,LW1,万事うまくいきますように［手紙などの結びの言葉］
have never [not] been to,3,LW1,…に行ったことがない
hope to,3,LW1,…したいと思う
yet,3,U2-S1,①［疑問文で］もう，すでに　②［否定文で］まだ，今のところは
read,3,U2-S1,①readの過去分詞　②readの過去形
sleep,3,U2-S1,眠る，寝ている
already,3,U2-S1,すでに，もう
poet,3,U2-S2,詩人
since,3,U2-S2,…（して）以来
image,3,U2-S2,像，肖像，印象
curious,3,U2-S2,好奇心の強い
Baker,3,U2-S2,ベーカー[姓]
How long …?,3,U2-S2,どれくらい長く［長い］
poem,3,U2-RT1,詩
written,3,U2-RT1,writeの過去分詞
rhyme,3,U2-RT1,韻をふむ
seasonal,3,U2-RT1,季節の
include,3,U2-RT1,…を含む，含める
rhythm,3,U2-RT1,リズム，調子
syllable,3,U2-RT1,音節，シラブル
be different from,3,U2-RT1,…とはちがっている
you’ve,3,U2-RT1,= you have
become,3,U2-RT2,becomeの過去分詞
quite,3,U2-RT2,かなり，相当
less,3,U2-RT2,もっと少なく，より…でなく
strict,3,U2-RT2,厳しい
either,3,U2-RT2,［否定文の文末に用いて］…もまた（～ない）
actually,3,U2-RT2,実は，本当は
website,3,U2-RT2,ウェブサイト
pop,3,U2-RT2,大衆的な
not always,3,U2-RT2,いつも［必ずしも］…とは限らない
not only … but also ～,3,U2-RT2,…だけでなく～もまた
so … that ～,3,U2-RT2,とても…なので～だ
so … that ～,3,U2-RT2,とても…なので～だ
pop culture,3,U2-RT2,大衆文化
goodbye,3,LT1,さようなら
Mike,3,LT1,マイク[男性名]
feel free to,3,LT1,遠慮なく…する
we’ve,3,LT1,= we have
protect,3,U3-扉,…を守る，保護する
endangered,3,U3-扉,絶滅の危機にさらされている
Red List,3,U3-扉,[the Red List] レッドリスト
danger,3,U3-S1,危険（性）
extinction,3,U3-S1,絶滅
climate,3,U3-S1,気候
survive,3,U3-S1,生き残る
condition,3,U3-S1,状況
be in danger of,3,U3-S1,…の危険がある，危険にさらされている
cheetah,3,U3-S2,チーター
IUCN,3,U3-S2,国際自然保護連合
want … to ～,3,U3-S2,…が～することを望む，…に～してほしい
let,3,U3-RT1,（人）に…させる
until,3,U3-RT1,…まで（ずっと），［否定文で］…までは（～しない）
era,3,U3-RT1,時代，年代
population,3,U3-RT1,人口，（動物の）個体数
rapidly,3,U3-RT1,速く，急速に
feather,3,U3-RT1,羽
development,3,U3-RT1,開発
destroy,3,U3-RT1,…を破壊する
environment,3,U3-RT1,環境
capture,3,U3-RT1,…を捕まえる
breed,3,U3-RT1,…を飼育する，繁殖する
safely,3,U3-RT1,安全に
die,3,U3-RT1,死ぬ
government,3,U3-RT1,政府
fly,3,U3-RT1,飛ぶ
crested ibis,3,U3-RT1,トキ
-born,3,U3-RT1,…生まれの
up until,3,U3-RT1,…まで
one by one,3,U3-RT1,1人［1つ］ずつ
one by one,3,U3-RT1,1人[1つ]ずつ
logging,3,U3-RT2,伐採
mining,3,U3-RT2,採鉱，採掘
surprisingly,3,U3-RT2,驚いたことには
electronic,3,U3-RT2,電子の
device,3,U3-RT2,装置
metal,3,U3-RT2,金属
ecosystem,3,U3-RT2,生態系
species,3,U3-RT2,（生物学上の）種［複数形もspecies］
affect,3,U3-RT2,…に影響を与える
human being,3,U3-RT2,人間（全体）
relate,3,U3-RT2,…を（～に）関係させる
Congo,3,U3-RT2,[the Congo] コンゴ民主共和国[国名]
die out,3,U3-RT2,絶滅する
relate … to ～,3,U3-RT2,…を～に関係させる
electronic device,3,U3-RT2,電子機器
text,3,LW2,携帯電話などでメッセージをおくる
drive,3,LW2,運転する
illegal,3,LW2,違法な
ban,3,LW2,…を禁止する
law,3,LW2,法律，法
decision,3,LW2,決定，結論
effective,3,LW2,効果的な
bother,3,LW2,面倒
accident,3,LW2,事故
Honolulu,3,LW2,ホノルル
Hawaii,3,LW2,ハワイ
What about …?,3,LW2,…についてはどう思いますか。
work on,3,LW2,…に取り組む，従事する
choose to,3,LW2,…することに決める
tell … to ～,3,GfC2,…に～するように言う
report,3,SA1,報告，レポート
tournament,3,SA1,トーナメント，選手権大会
corner,3,SA1,角，隅
beginning,3,SA1,最初の部分
ending,3,SA1,（物語などの）終わり，結末
they’ll,3,SA1,= they will
kick,3,SA1,けること，キック
corner kick,3,SA1,コーナーキック
lullaby,3,LR1,子守歌
road,3,LR1,道路，道
bomb,3,LR1,爆弾
injure,3,LR1,…を傷つける
shade,3,LR1,陰，日陰
dead,3,LR1,死んだ
weak,3,LR1,弱い，かすかな
mommy,3,LR1,お母さん，ママ［momよりは幼い言い方］
cry,3,LR1,泣く
arm,3,LR1,腕
real,3,LR1,本当の，本物の
all right,3,LR1,だいじょうぶな
tightly,3,LR1,しっかりと
while,3,LR1,（少しの）時間，（しばらくの）間
quietly,3,LR1,静かに，落ち着いて
rose,3,LR1,riseの過去形
after a while,3,LR1,しばらくして
nuclear,3,LR1,核の，原子力の
peace,3,LR1,平和
cloudless,3,LR1,雲のない
death,3,LR1,死
sky,3,LR1,空，大空
president,3,LR1,大統領
meant,3,LR1,meanの過去形
war,3,LR1,戦争
courage,3,LR1,勇気
pursue,3,LR1,…を追い求める
fold,3,LR1,…を折る，折りたたむ
close,3,LR1,…を閉じる，終える
worth,3,LR1,…の価値がある
extend,3,LR1,…を広げる
nuclear weapon,3,LR1,核兵器
Peace Memorial Park,3,LR1,平和記念公園
Barack Obama,3,LR1,バラク・オバマ[男性名]
sitting,3,LR1,現職の
guest book,3,LR1,記名帳
agony,3,LR1,激しい痛み
paper crane,3,LR1,折り鶴
go through,3,LR1,（人生・生活）を送る
weapon,3,LR1,武器，兵器
worth …ing,3,LR1,…するだけの価値がある
prepared,3,U4-扉,用意ができている，備えた
disaster,3,U4-扉,災害
shelter,3,U4-S1,避難所
store,3,U4-S1,…を蓄える
extinguisher,3,U4-S1,消火器
survey,3,U4-S1,調査
in case of,3,U4-S1,…の場合には
done,3,U4-S2,doの過去分詞
emergency,3,U4-S2,緊急事態
kit,3,U4-S2,道具［用具］一式
link,3,U4-S2,リンク，接続
hasn’t,3,U4-S2,= has not
earthquake,3,U4-RT1,地震
terrible,3,U4-RT1,ひどい
shaking,3,U4-RT1,揺れ
drove,3,U4-RT1,driveの過去形
parking lot,3,U4-RT1,駐車場
scared,3,U4-RT1,（…を）こわがって
finally,3,U4-RT1,ついに，やっと
announcement,3,U4-RT1,アナウンス，発表
latest,3,U4-RT1,最近の，最新の
fortunately,3,U4-RT1,幸運にも
traveler,3,U4-RT1,旅行者
too … to ～,3,U4-RT1,～するには…すぎる，あまりにも…なので～できない
get out,3,U4-RT1,外へ出る
pass by,3,U4-RT1,通り過ぎる
on the way back,3,U4-RT1,（帰る）途中で
go back,3,U4-RT1,帰る，戻る
evacuation,3,U4-RT2,避難
drill,3,U4-RT2,訓練，ドリル
resident,3,U4-RT2,住民，居住者
visitor,3,U4-RT2,観光客
simulation,3,U4-RT2,シミュレーション
themselves,3,U4-RT2,彼ら［彼女ら，それら］自身を［に］
instruction,3,U4-RT2,指示
given,3,U4-RT2,giveの過去分詞
simple,3,U4-RT2,単純な，簡単な
interview,3,U4-RT2,…にインタビューする
hand out,3,U4-RT2,…を配る
evacuation drill,3,U4-RT2,避難訓練
every year,3,U4-RT2,毎年
what to,3,U4-RT2,何を…すべきか
That's very kind of you.,3,LT2,どうもご親切にありがとうございます。
That's very kind of you.,3,LT2,どうもご親切にありがとうございます。
would like … to ～,3,LT2,…に～してほしい（のですが）
legacy,3,U5-扉,遺産
Gandhi,3,U5-扉,ガンディー[姓]
person,3,U5-S1,人，個人
respect,3,U5-S1,…を尊敬する，尊重する
greatly,3,U5-S1,おおいに，非常に
born,3,U5-S1,［be born］生まれる
international,3,U5-S1,国際的な
non-violence,3,U5-S1,非暴力
Mahatma,3,U5-S1,マハトマ[敬称]
Indian,3,U5-S1,《形》インドの，インド人の / 《名》インド人
rupee,3,U5-S1,ルピー[通貨]
independence,3,U5-S2,独立
violence,3,U5-S2,暴力
fight,3,U5-S2,《動》たたかう / 《名》たたかい
protest,3,U5-S2,《動》抗議する / 《名》抗議（運動）
tough,3,U5-S2,困難な，難しい
fast,3,U5-S2,断食（の期間）
human rights,3,U5-S2,人権
go on,3,U5-S2,①…をする，始める　②（時間が）過ぎ去る，たつ
lawyer,3,U5-RT1,弁護士
discrimination,3,U5-RT1,差別
freely,3,U5-RT1,自由に
sidewalk,3,U5-RT1,歩道
accept,3,U5-RT1,…を受け入れる
unfair,3,U5-RT1,不公平な，不当な
angry,3,U5-RT1,怒った，腹を立てた
lead,3,U5-RT1,…を導く，…を先導する
movement,3,U5-RT1,（政治的・社会的な）運動
arrest,3,U5-RT1,…を逮捕する
non-violent,3,U5-RT1,非暴力の
South Africa,3,U5-RT1,南アフリカ[国名]
at that [the] time,3,U5-RT1,その当時（には）
stand up,3,U5-RT1,立ち上がる
even if,3,U5-RT1,たとえ…だとしても
colony,3,U5-RT1,植民地
salt,3,U5-RT1,塩，食塩
tax,3,U5-RT1,税，税金
expensive,3,U5-RT1,高価な，費用のかかる
follower,3,U5-RT1,信奉者，支持者
almost,3,U5-RT1,ほとんど
kilometer,3,U5-RT1,キロメートル
reach,3,U5-RT1,…に着く，到着する
march,3,U5-RT1,行進，マーチ
news,3,U5-RT1,ニュース，知らせ
peaceful,3,U5-RT1,平和な
leader,3,U5-RT1,指導者，リーダー
"Martin Luther King, Jr.",3,U5-RT1,マーティン・ルーサー・キング・ジュニア[人名]
Nelson Mandela,3,U5-RT1,ネルソン・マンデラ[男性名]
in those days,3,U5-RT1,そのころは，当時は
thousands of,3,U5-RT1,何千もの，多くの
the Salt March,3,U5-RT1,塩の行進
growth,3,LW3,増加
populous,3,LW3,人口の多い
powerful,3,LW3,力強い，有力な
billion,3,LW3,10億
China,3,LW3,中国[国名]
discover,3,SA2,…を発見する
pretty,3,SA2,かわいい，きれいな
character,3,SA2,登場人物
behavior,3,SA2,ふるまい
cloth,3,SA2,布，服地
instead,3,SA2,そのかわりに
a piece of,3,SA2,１つ［１個，１本，１枚］の～
fold … up,3,SA2,…を折りたたむ
a kind of,3,SA2,一種の…
instead of,3,SA2,…のかわりに
wrestling,3,SA2,レスリング
plastic bag,3,SA2,ビニール袋
convenient,3,SA2,便利な
waste,3,SA2,《動》…をむだに使う / 《名》ごみ，廃棄物
resource,3,SA2,資源
beyond,3,U6-扉,…をこえたところに［へ」
border,3,U6-扉,国境
relation,3,U6-扉,関係
backpack,3,U6-S1,バックパック
campaign,3,U6-S1,キャンペーン
unused,3,U6-S1,未使用の
supply,3,U6-S1,［suppliesで］必需品
donate,3,U6-S1,…を寄付する
this way,3,U6-S1,このように
definitely,3,U6-S2,もちろん，確かに
Afghanistan,3,U6-S2,アフガニスタン
so far,3,U6-S2,今まで（は），これまで（は）
imagine,3,U6-RT1,…を想像する
illiterate,3,U6-RT1,読み書きのできない
receive,3,U6-RT1,…を受け取る
encourage,3,U6-RT1,…を勇気づける，励ます
son,3,U6-RT1,息子
daughter,3,U6-RT1,娘
ready,3,U6-RT1,用意ができて
building,3,U6-RT1,建物，ビル
air,3,U6-RT1,空気，空中
service,3,U6-RT1,サービス，公的事業
globe,3,U6-RT1,［the globe で］地球
exchange,3,U6-RT1,交流，やりとり
encourage … to ～,3,U6-RT1,…に～するよう促す
most of,3,U6-RT1,［most of＋名詞で］…の大部分，ほとんど
be ready for,3,U6-RT1,…の用意ができている
in the open air,3,U6-RT1,屋外で
depend,3,U6-RT1,頼る
trade,3,U6-RT1,貿易
survival,3,U6-RT1,存続，生き残ること
import,3,U6-RT1,…を輸入する
pork,3,U6-RT1,豚肉
coat,3,U6-RT1,上着，コート
sold,3,U6-RT1,sellの過去分詞
exception,3,U6-RT1,例外
surround,3,U6-RT1,…を囲む
daily,3,U6-RT1,日常の
interdependent,3,U6-RT1,相互に依存している
Brazil,3,U6-RT1,ブラジル[国名]
Thailand,3,U6-RT1,タイ[国名]
depend on,3,U6-RT1,…に頼る
beef,3,U6-RT1,牛肉
domestic,3,LT3,国内の
cheap,3,LT3,（品物・料金が）安い
seem,3,LT3,…のように見える，思われる
transport,3,LT3,…を輸送する
point,3,LT3,特徴，論点，ポイント
agree,3,LT3,賛成する，意見が一致する
disagree,3,LT3,意見が合わない
besides,3,LT3,そのうえ，さらに
food mile,3,LT3,フードマイル
in season,3,LT3,（食べ物が）旬で
agree with,3,LT3,…に賛成する
yen,3,GfC4,【小】円（日本の貨幣単位）
mini debate,3,SA3,ミニディベート
judge,3,SA3,審判員
colorful,3,SA3,色彩に富んだ
negative,3,SA3,否定的な，よくない
side,3,SA3,側，面
wear,3,SA3,…を着ている，身につけている
uniform,3,SA3,制服，ユニフォーム
fantastic,3,SA3,すばらしい，すてきな
stationery,3,SA3,文房具
debate,3,SA3,討論，ディベート
mini,3,SA3,小型の
countryside,3,SA3,いなか
eat out,3,SA3,外食する
not … at all,3,SA3,少しも…ない
announce,3,SA3,…を発表する
move on,3,SA3,（次の話題などへ）移る，進む
hear from,3,SA3,…の意見を聞く
electricity,3,LR2,電気，電力
cut,3,LR2,cutの過去分詞
cut,3,LR2,…を切る，…の供給をとめる
charge,3,LR2,…を充電する
smartphone,3,LR2,スマートフォン
oil,3,LR2,油，石油
coal,3,LR2,石炭
natural gas,3,LR2,天然ガス
relatively,3,LR2,比較的
release,3,LR2,…を放出する
dangerous,3,LR2,危険な
chemical,3,LR2,化学物質
health,3,LR2,健康
fossil fuel,3,LR2,化石燃料
carbon dioxide,3,LR2,二酸化炭素
run out of,3,LR2,…を使い果たす
amount,3,LR2,量，額
energy,3,LR2,エネルギー
control,3,LR2,…を管理する
radiation,3,LR2,放射能
handle,3,LR2,…を処理する
sunshine,3,LR2,日光
wind,3,LR2,風
steam,3,LR2,蒸気
ocean,3,LR2,大洋，海
renewable,3,LR2,再生可能な
dam,3,LR2,ダム
quarter,3,LR2,4分の1
heat,3,LR2,熱
solve,3,LR2,…を解決する
Denmark,3,LR2,デンマーク[国名]
Iceland,3,LR2,アイスランド[国名]
a … amount of ～,3,LR2,…の量の～
all the time,3,LR2,常に
nuclear power,3,LR2,原子力
nuclear waste,3,LR2,核廃棄物
water power,3,LR2,水力
wind power,3,LR2,風力
invent,3,LR2,…を発明する
rain,3,LR2,雨
lamp,3,LR2,明かり，ランプ
second,3,LR2,秒
liter,3,LR2,リットル
rainwater,3,LR2,雨水
battery,3,LR2,電池，バッテリー
sustainable,3,LR2,持続可能な
consumer,3,LR2,消費者
inventor,3,LR2,発明家
Reyhan Jamalova,3,LR2,レイハン・ジャマロバ[女性名]
Azerbaijan,3,LR2,アゼルバイジャン[国名]
LED,3,LR2,発光ダイオード
graduation,3,LR3,卒業
dot,3,LR3,点
attend,3,LR3,…に通う，…に出席する
college,3,LR3,（単科）大学
graduate,3,LR3,卒業する
artistic,3,LR3,芸術的な，美しい
interest,3,LR3,興味
trust,3,LR3,…を信頼する，…だと期待する
somehow,3,LR3,何らかの形で
difference,3,LR3,ちがい
Steve Jobs,3,LR3,スティーブ・ジョブス[男性名]
Mac,3,LR3,マック[コンピュータの名前]
Apple,3,LR3,アップル[会社名]
have no idea,3,LR3,見当もつかない
drop out,3,LR3,中退する
make all the difference,3,LR3,大きなちがいを生む
high school,3,LR3,高校
loss,3,LR3,失うこと，喪失
lucky,3,LR3,幸運な
garage,3,LR3,ガレージ，車庫
grew,3,LR3,growの過去形
employee,3,LR3,従業員
successful,3,LR3,成功した
focus,3,LR3,中心
gone,3,LR3,なくなった，行ってしまった
Woz,3,LR3,ウォズ[男性名]
run away,3,LR3,逃げる
get fired,3,LR3,解雇される
though,3,LR3,…だけれども
burden,3,LR3,負担，重荷
beginner,3,LR3,初心者
creative,3,LR3,創造力のある
animation,3,LR3,アニメーション
studio,3,LR3,スタジオ，映画撮影所
Pixar,3,LR3,ピクサー[会社名]
it’ll,3,LR3,= it will
mirror,3,LR3,鏡
cancer,3,LR3,（病気の）がん
limited,3,LR3,限られた
someone,3,LR3,だれか，ある人
else,3,LR3,（その）ほかに［の］
inner,3,LR3,内部の，内側の
magazine,3,LR3,雑誌
foolish,3,LR3,愚かな
arts and crafts,×,―,【小】図画工作，図工
beefstake,×,―,【小】ビーフステーキ
boots,×,―,【小】長ぐつ
boxing,×,―,【小】ボクシング
canoe,×,―,【小】カヌー
dodgeball,×,―,【小】ドッジボール
driver,×,―,【小】運転手
figure skater,×,―,【小】フィギュアスケート選手
gentle,×,―,【小】温厚な
home economics,×,―,【小】家庭科
jogging,×,―,【小】ジョギング
jump rope,×,―,【小】縄とび
magnet,×,―,【小】磁石
marathon,×,―,【小】マラソン
nut,×,―,【小】木の実
pencil sharpener,×,―,【小】えんぴつけずり
playgrounｄ,×,―,【小】運動場
post,×,―,【小】郵便ポスト
sailing,×,―,【小】ヨット競技
Snow Festival,×,―,【小】雪祭り
social studies,×,―,【小】社会科
soda pop,×,―,【小】（味つきの）炭酸入り清涼飲料水
surfing,×,―,【小】サーフィン
tag,×,―,【小】鬼ごっこ
weightlifting,×,―,【小】重量挙げ
zookeeper,×,―,【小】動物園の飼育係
