英語,学年,品詞,意味
page,1,名,ページ
rainbow,1,名,にじ
desert,1,名,さばく
rain forest,1,名,熱帯雨林
savanna,1,名,サバンナ
xylophone,1,名,木琴、鉄琴
mug,1,名,マグカップ
schoolyard,1,名,（学校の）運動場、校庭
evacuation drill,1,名,避難訓練
photography,1,名,写真撮影、写真術
broadcasting,1,名,放送
nephew,1,名,おい
niece,1,名,めい
midnight,1,名,夜の12時、真夜中
Nice to meet you.,1,連,はじめまして。
Good morning.,1,連,おはようございます。
I’m,1,短,I am
call,1,動,…を（～と）呼ぶ、名づける
South Africa,1,名,南アフリカ共和国
love,1,動,…が大好きである、…を愛している
Call me ....,1,連,私を…と呼んでください。
want to,1,連,…したい
fan,1,名,ファン
often,1,副,しばしば、よく
with,1,前,【共同・同伴】…といっしょに
but,1,接,しかし、けれども
don’t,1,短,do not
draw,1,動,（線画）をかく
an,1,冠,1つの、1人の［母音で始まる数えられる名詞の前に置く。ふつう訳さない］
anime,1,名,（日本の）アニメ
so,1,接,だから、それで、では
about,1,前,…について、…に関する
lesson,1,名,授業、レッスン
How about you?,1,連,あなたはどうですか。
class,1,名,学級、組、クラス
our,1,代,私たちの
Canada,1,名,カナダ
America,1,名,アメリカ（合衆国）［正式名称はthe United States of America］
be good at (...ing),1,連,（…することが）じょうずだ、得意だ
he’s,1,短,he is
she’s,1,短,she is
Chinese,1,形,中国の
cannot,1,助,…できない
some,1,形,いくつかの、いくらかの、少しの
parent,1,名,親、［parentsで］親たち、両親
China,1,名,中国
I see.,1,連,なるほど。わかった。
that’s,1,短,that is
can’t,1,短,cannot
excuse,1,動,…を許す
oops,1,間,おっと、うわっ、しまった
here,1,副,さあ、ほら
welcome,1,形,歓迎される
Excuse me.,1,連,すみません。失礼ですが。
Here you are. ,1,連,はい、どうぞ。
Thank you.,1,連,ありがとう。
You’re welcome.,1,連,どういたしまして。
you’re,1,短,you are
it’s,1,短,it is
symbol,1,名,シンボル、象徴、記号
for,1,前,【代理・代表】…のかわりに、…に相当する
interesting,1,形,おもしろい、興味深い
favorite,1,形,いちばん好きな、お気に入りの
character,1,名,登場人物
also,1,副,…もまた、そのうえ
what’s,1,短,what is
who’s,1,短,who is
around,1,前,…の近くに
after,1,前,…のあとに［で］
online,1,副,オンラインで
after school,1,連,放課後（に）
here,1,名,ここ
hallway,1,名,ろうか
win,1,動,（…に）勝つ
next,1,形,次の、今度の、となりの
luck,1,名,運、幸運
near,1,前,…の近くに［で］
Good luck.,1,連,幸運を祈ります。がんばって。
when’s,1,短,when is
where’s,1,短,where is
fourth,1,名/形,4日、4番め（の）
fifth,1,名/形,5日、5番め（の）
sixth,1,名/形,6日、6番め（の）
seventh,1,名/形,7日、7番め（の）
eighth,1,名/形,8日、8番め（の）
ninth,1,名/形,9日、9番め（の）
tenth,1,名/形,10日、10番め（の）
eleventh,1,名/形,11日、11番め（の）
twelfth,1,名/形,12日、12番め（の）
thirteenth,1,名/形,13日、13番め（の）
fourteenth,1,名/形,14日、14番め（の）
fifteenth,1,名/形,15日、15番め（の）
sixteenth,1,名/形,16日、16番め（の）
seventeenth,1,名/形,17日、17番め（の）
eighteenth,1,名/形,18日、18番め（の）
nineteenth,1,名/形,19日、19番め（の）
twentieth,1,名/形,20日、20番め（の）
thirtieth,1,名/形,30日、30番め（の）
New Zealand,1,名,ニュージーランド
puppy,1,名,子イヌ
of,1,前,【部分】…の中の［で］、…の
someday,1,副,いつか
lot,1,名,［a lotまたはlotsで］たくさん
they,1,代,彼らは［が］、彼女らは［が］、それらは［が］
one of,1,連,…の1つ［1人］
a lot of,1,連,たくさんの、多数の
How many ...?,1,連,どれくらい多くの、いくつの
they’re,1,短,they are
of,1,前,【分量・種類】…の量の、…種類の
so,1,副,とても、非常に
noon,1,名,正午、真昼
last,1,形,最後の、最終の
like,1,前,…のような［に］、…に似た、…らしい
o’clock,1,副,…時
Sounds ....,1,連,…そうですね。
class,1,名,授業
front,1,名,前、正面
be,1,動,…である、…になる
nervous,1,形,緊張して
worry,1,動,心配する、悩む
yourself,1,代,あなた自身を［に］
sheep,1,名,ヒツジ
kiwi,1,名,キーウィ［動物名］
right,1,形,正しい、正確な
enjoy oneself,1,連,楽しむ、楽しく過ごす
look at,1,連,…を見る
kiwi,1,名,キウイフルーツ（＝kiwi fruit）
poster,1,名,ポスター、広告
age,1,名,年齢
movie,1,名,映画
student,1,名,学生、生徒
much,1,副,［動詞を修飾して］おおいに、たいへん
starter,1,名,先発メンバー
famous,1,形,有名な
tell,1,動,…に（～を）話す、教える
very much,1,連,とても、たいへん
every day,1,連,毎日
favorite,1,名,大好きなもの［人］
of,1,前,【所属・所有】…の、…の所有する、…に属する
as,1,前,…として
tour,1,名,旅行、ツアー、見学
guide,1,名,ガイド、案内人
write,1,動,（…を）書く
blog,1,名,ブログ
local,1,形,（ある）地方の、地元の
beautiful,1,形,美しい
spot,1,名,地点、場所
his,1,代,彼の
... year(s) old,1,連,…歳、創立…年
enjoy ...ing,1,連,…して楽しむ
any,1,形,［疑問文などで］いくらかの、何らかの
does,1,助,［疑問文や応答を作る］
has,1,助/動,haveの三人称単数現在形
there,1,副,そこに［で、へ］
surf,1,動,サーフィン［波乗り］をする
life,1,名,生活、暮らし
doesn’t,1,短,does not
does,1,助,［否定文を作る］
cafe,1,名,喫茶店、カフェ
website,1,名,ウェブサイト
popular,1,形,人気のある
owner,1,名,所有者、持ち主
know,1,動,（…を）知っている、わかる
patty,1,名,パティ（ひき肉などを丸く平たい形にして焼いたもの）
fried,1,形,油であげた、油でいためた
top,1,名,表面、上部
wonderful,1,形,すばらしい、すてきな
fried egg ,1,連,目玉焼き
on top of,1,連,…の上に
him,1,代,彼を［に］
say,1,動,（…を）言う、…だと言う
everything,1,代,何でも、全てのもの［こと］
show,1,名,ショー
her,1,代,彼女を［に］
performer,1,名,演技者
U.K.,1,名,the U.K. 英国
together,1,副,いっしょに、ともに
Why don’t we ...?,1,連,…しませんか。
how’s,1,短,how is
for,1,前,【用途・適合】…するための、…に適した、…向けの
minute,1,名,（時間の単位の）分
wait,1,動,待つ
whose,1,代,だれの、だれのもの
yours,1,代,あなた（たち）のもの
mine,1,代,私のもの
maybe,1,副,たぶん、もしかすると
careful,1,形,注意深い
crowded,1,形,こみ合った、満員の
history,1,名,歴史
still,1,副,まだ、今でも
over,1,前,…より多く、…をこえて
(Riko)'s,1,ー,［名詞の所有格を作る］（理子）の
Thanks.,1,連,ありがとう。
be careful with,1,連,…のあつかいに気をつける
How old ...?,1,連,何歳で、作られてからどれくらいで
with,1,前,【関係・対象】…に関して、…について
here,1,副,ここに［で、へ］
cushion,1,名,クッション、ざぶとん
different,1,形,いろいろな
role,1,名,役、役割
use,1,動,…を使う、利用する、消費する
only,1,副,ただ…だけ
prop,1,名,小道具
which,1,代,どちら、どれ、どちらの人［もの］
or,1,接,…かまたは～、…や～
casual,1,形,カジュアルな、くだけた、ふだん着の
large,1,形,多い、多数の
collection,1,名,収集したもの、コレクション
for,1,前,【対象】…に対して
open,1,動,（ …を）開く、あける
close,1,動,…を閉じる、終える
window,1,名,窓
sure,1,副,［返事で］もちろん、いいとも
problem,1,名,問題
little,1,副,［a littleで］少し
dark,1,形,暗い
light,1,名,明かり、電灯
just,1,副,ただ…だけ、ほんの、ちょっと
moment,1,名,瞬間、ちょっとの間
off,1,副,（電気・ガス・水道などが）切れて、とまって
borrow,1,動,…を借りる
No problem.,1,連,いいですよ。もちろん。
a little,1,連,少し
turn on,1,連,（スイッチ）を入れる、つける
help ... with ～ ,1,連,…を～の面で手伝う
All right.,1,連,よろしい。わかった。了解した。
Just a moment.,1,連,ちょっと待って。
turn off,1,連,（スイッチ）をとめる、消す
hers,1,代,彼女のもの
its,1,代,それの、その
us,1,代,私たちを［に］
ours,1,代,私たちのもの
their,1,代,彼らの、彼女らの、それらの
them,1,代,彼ら［彼女ら、それら］を［に］
theirs,1,代,彼ら［彼女ら、それら］のもの
her,1,代,彼女の
his,1,代,彼のもの
of,1,前,【行為の対象】…を、…の、…への
tomorrow,1,名/副,明日（は）
plan,1,名,計画、予定
free,1,形,ひまな
mean,1,動,…を意味する、…のことを言う
forward,1,副,［look forward toで］…を楽しみに待つ
What’s up?,1,連,どうしたのですか。
What’s up?,1,連,どうしたのですか。
sound like,1,連,…のように聞こえる、思える
look forward to,1,連,…を楽しみに待つ
online,1,形,オンラインの
market,1,名,市場
souvenir,1,名,記念品、みやげ
place,1,名,場所、ところ
appear,1,動,現れる、姿を現す
those,1,形,あれらの、それらの
Welcome to ....,1,連,…へようこそ。
also,1,接,そのうえ、さらに
welcome,1,間,ようこそ、いらっしゃい
around,1,前,…のまわりを回って
mom,1,名,お母さん
dad,1,名,お父さん
travel,1,動,旅行する
angry,1,形,怒った、腹を立てた
palace,1,名,宮殿、王宮
exciting,1,形,興奮させるような、わくわくさせるような
late,1,形,遅い、おくれた、遅刻した
I’m sorry.,1,連,ごめんなさい。すみません。
we’re,1,短,we are
excuse,1,名,言い訳、弁解、口実
for,1,前,【利益】…のために［の］
pardon,1,動,[Pardon me? で] 何とおっしゃいましたか。もう一度おっしゃってください。［聞き返すときに用いる]
along,1,前,…に沿って
street,1,名,通り、街路
traffic light,1,名,交通信号
straight,1,副,まっすぐに
factory,1,名,工場
building,1,名,建物、ビル
look for,1,連,…をさがす
Pardon me?,1,連,何とおっしゃいましたか。もう一度おっしゃってください。［聞き返すときに用いる]
Let’s see.,1,連,［考えながら］ええと。そうですね。
go along ,1,連,（通り・道）を進む
for,1,前,【目的・用意】…のために、…を求めて
large,1,形,大きい、広い
ethnic,1,形,民族（特有）の
Africa,1,名,アフリカ
Kenya,1,名,ケニア
volunteer,1,名,ボランティア
need,1,名,困っている状態、貧困
teach,1,動,…に（～を）教える
try,1,動,（…を）試す、やってみる、努力する
best,1,名,最もよいもの、最良の状態
respect,1,動,…を尊敬する、尊重する
become,1,動,…になる
in need,1,連,困っている
do one’s best,1,連,最善を尽くす
try to,1,連,…しようと試みる、努力する
or,1,接,［否定文で］…もまた（～ない）
some,1,形,一部の、（中には）…もある
African,1,形,アフリカ（人）の
reduce,1,動,（サイズ・数量・程度など）を減らす、縮小する
waste,1,名,ごみ、廃棄物
plastic,1,形,プラスチック［ビニール］製の
paper,1,形,紙の
straw,1,名,ストロー
original,1,形,独創的な、独自の
reusable,1,形,再利用できる
course,1,名,［of courseで］もちろん
of course,1,連,もちろん
need to,1,連,…する必要がある
need,1,動,…を必要とする
well,1,名,井戸
other,1,形,（2つの中で）もう1つ［一方］の
village,1,名,村
collect,1,動,…を集める
far,1,副,遠くに［へ］
group,1,名,グループ、団体
build,1,動,…を建てる、つくる
these,1,代,これら、この人たち
money,1,名,金、通貨
on the other hand,1,連,他方では、これに反して
for a long time ,1,連,長い間
for,1,前,【時間・距離】…の間 
server,1,名,給仕、ウェイター
would,1,助,【勧誘・意向・願望・好み】［would like で］…がほしい（のですが）
anything,1,代,［疑問文で］何か
else,1,副,（その）ほかに［の］
full,1,形,いっぱいの、満腹の
would like,1,連,…がほしい（のですが）
would like to,1,連,…したい（のですが）
"No, thank you.",1,連,いいえ、けっこうです。
I’d,1,短,I would
voice,1,名,声
word,1,名,歌詞
cheer,1,動,…を元気づける
concert,1,名,演奏会、コンサート
dome,1,名,丸屋根、ドーム
stage,1,名,舞台、ステージ
performance,1,名,演技、演奏、公演
again,1,副,もう一度、再び、また
all over,1,連,…のいたるところに［で、の］
cheer ... up,1,連,…を元気づける
over,1,前,…のいたるところに、一面に
back,1,副,戻って、返して
during,1,前,…の間ずっと、…の間に
stay,1,動,滞在する、泊まる
snowboarding,1,名,スノーボード（をすること）
Christmas Day,1,名,クリスマス
relax,1,動,くつろぐ
met,1,動,meetの過去形
ice hockey,1,名,アイスホッケー
go back ,1,連,帰る、戻る
at home ,1,連,家で［に］
for,1,前,【原因・理由】…のために、…の理由で
last,1,形,この前の、昨…、先…
did,1,助/動,doの過去形
traditional,1,形,伝統的な
special,1,形,特別な
grandparent,1,名,祖父、祖母
wrote,1,動,writeの過去形
New Year,1,名,新年
rice cake,1,連,もち
Good for you!,1,連,よくやった。
didn’t,1,短,did not
How nice!,1,連,いいね。すばらしい。うれしい。
for,1,前,…にとって
spent,1,動,spendの過去形
spend,1,動,（時）を過ごす
came,1,動,comeの過去形
bought,1,動,buyの過去形
fortune slip,1,名,おみくじ
read,1,動,readの過去形
said,1,動,sayの過去形
charm,1,名,お守り
got,1,動,getの過去形
wooden,1,形,木でできた、木製の
wish,1,名,願い、願い事
board game,1,名,ボードゲーム
have a ... time ,1,連,…な時を過ごす
so,1,副,そんなに、それほど
dear,1,形,親愛なる…（様）［手紙などの書き出しの言葉］
grandma,1,名,おばあちゃん
grandpa,1,名,おじいちゃん
ski,1,動,スキーをする
fell,1,動,fallの過去形
Mt.,1,名,［Mountの略。山の名の前につけて］…山
snow,1,名,雪
outside,1,副,外で［に、へ］
miss,1,動,…がいないのをさびしく思う
care,1,名,世話
go ...ing ,1,連,…しに行く
for the first time,1,連,はじめて
fall down,1,連,倒れる
take care of,1,連,…をだいじにする、［take care of oneself で］体に気をつける
How are you?,1,連,お元気ですか。調子はどうですか。
for,1,前,【特定の日時・機会】…に 
love,1,名,"Love, ［手紙などの結びの言葉］"
remember,1,動,（…を）思い出す、覚えている
bored,1,形,退屈した、うんざりした
were,1,動,areの過去形
realize,1,動,…だと気づく
made,1,動,makeの過去形
mistake,1,名,誤り、まちがい
anyone,1,代,［肯定文で］だれでも
won,1,動,winの過去形
anyway,1,副,とにかく、それでも
at first ,1,連,最初は、はじめのうちは
like ...ing,1,連,…するのが好きである
wasn’t,1,短,was not
weren’t,1,短,were not
chorus contest,1,連,合唱コンクール
place,1,名,順位、立場
win,1,動,…を勝ち取る、獲得する
best,1,形,［goodの最上級］最もよい
hey,1,間,やあ、おい、ちょっと
break,1,名,休憩
then,1,副,そのとき（に）
bring,1,動,…をもたらす
heart,1,名,心臓、心
beat,1,動,どきどきする
way,1,名,道、道筋
each,1,形,それぞれの、各自の
bring back,1,連,…を思い出させる
on one’s way (to) ,1,連,（…へ行く）途中で
show,1,動,（…に）～を［…だと］見せる、示す
these,1,形,これらの
trip,1,名,旅行
campground,1,名,キャンプ場
hot spring,1,名,温泉
set,1,動,setの過去形
set,1,動,…を置く、すえる、配置する
tent,1,名,テント
main,1,形,主な、主要な
campfire,1,名,キャンプファイア
there is［are］,1,連,…がある［いる］
set up,1,連,…を建てる
there’s,1,短,there is
isn’t,1,短,is not
aren’t,1,短,are not
around,1,前,…のまわりに、周囲に
lot,1,名,［a lotまたはlotsで］たいへん、とても
wrong,1,形,ぐあいが悪い
stomachache,1,名,胃痛、腹痛
before,1,前,…の前に［の］
mild,1,形,穏やかな、強くない、軽い
medicine,1,名,薬
rest,1,名,休み、休息
headache,1,名,頭痛
fever,1,名,熱
toothache,1,名,歯痛
What’s wrong?,1,連,どうかしたのですか。
take a rest,1,連,ひと休みする
for,1,前,…として
ran,1,動,runの過去形
relay,1,名,リレー競走
another,1,形,ほかの、別の、ちがった
runner,1,名,走者
behind,1,前,…の後ろに
just,1,副,ちょうど、まさに
naughty,1,形,いたずらな、わんぱくな
trick,1,名,いたずら
crept,1,動,creepの過去形
creep,1,動,はう、こっそり進む
let,1,動,letの過去形
let,1,動,…を～の状態にさせる
shout,1,動,（ …と）叫ぶ
escape,1,動,（…から）逃げる
later,1,副,もっと遅く、あとで
thought,1,動,thinkの過去形
die,1,動,死ぬ
alone,1,形,ひとりだけの、ただ…だけ
one day,1,連,ある日
be full of ,1,連,…でいっぱいである
out of,1,連,…から（外へ）
little,1,形,小さい、かわいい
took,1,動,takeの過去形
vendor,1,名,（屋台の）もの売り、行商人
cart,1,名,カート、手押し車
left,1,動,leaveの過去形
leave,1,動,…を置いていく
brought,1,動,bringの過去形
chestnut,1,名,クリ
heard,1,動,hearの過去形
hear,1,動,…が聞こえる、…を聞く
something,1,代,何か、あるもの
himself,1,代,彼自身を［に］
neighbor,1,名,近所の人、隣人
receive,1,動,…を受け取る
someone,1,代,だれか、ある人
thing,1,名,もの、こと
god,1,名,神
say to oneself,1,連,…とひとり言を言う
bring,1,動,（～に）…を持ってくる、…を連れてくる
through,1,前,【貫通】…を通り抜けて
door,1,名,ドア、戸
into,1,前,【運動・方向】…の中へ［に］
pick,1,動,［pick upで］…を拾い上げる、手に取る
gun,1,名,銃
bang,1,名,（衝突・銃・ドアなどの音を表して）バン、ズドン、バタン、ドン
ground,1,名,地面、土地
fresh,1,形,新鮮な
floor,1,名,床
nod,1,動,うなずく
weakly,1,副,弱く、弱々しく
drop,1,動,…を落とす
smoke,1,名,煙
rose,1,動,riseの過去形
rise,1,動,のぼる、上がる、上昇する
look up,1,連,視線を上げる、見上げる
pick up,1,連,…を拾い上げる、手に取る
stand up,1,連,立ち上がる
sit down,1,連,すわる
teachers’ office,1,連,職員室
wake up,1,連,目が覚める、目を覚ます
get up ,1,連,起きる、起床する
get,1,動,（ある状態）になる
helpful,2,形,役に立つ
conveyor belt,2,名,コンベヤーベルト、移動ベルト
reasonable,2,形,手ごろな
serve,2,動,…を提供する
raw,2,形,生の
offer,2,動,…を提供する
choice,2,名,選択
strength,2,名,濃さ
firmness,2,名,かたさ
assist,2,動,…を助ける、…を手伝う
side dish,2,名,副菜
batter,2,名,生地、衣
spring onion,2,名,ネギ
optional,2,形,自由に選べる
mayonnaise,2,名,マヨネーズ
bonito flake,2,名,かつおぶし
dried green seaweed,2,名,青のり
red pickled ginger,2,名,紅しょうが
instruction,2,名,指示
mix,2,動,…を混ぜる
bowl,2,名,ボウル
aside,2,副,わきへ、別にして
chop,2,動,…を切り刻む
stir,2,動,かき混ぜる
hot plate,2,名,ホットプレート
frying pan,2,名,フライパン
pour,2,動,…を注ぐ
grill,2,動,…を焼く
bottom,2,名,底、裏
flip,2,動,ひっくり返る
garden,2,名,庭
proud,2,形,誇りをもった
cafeteria,2,名,カフェテリア
weekday,2,名,平日
band,2,名,バンド
throughout,2,前,…中
field hockey,2,名,ホッケー
perform,2,動,演じる
celebrate,2,動,…をたたえる
Stanley Park,2,名,スタンレーパーク
hectare,2,名,ヘクタール
aquarium,2,名,水族館
historical,2,形,歴史的な
landmark,2,名,史跡
Capilano Suspension Bridge,2,名,キャピラノつり橋
tourist attraction,2,名,観光名所
foot,2,名,フィート（単位）
hang,2,動,かかる
feet,2,名,フィート。（footの複数形（単位））
above,2,前,…の上に
Capilano River,2,名,キャピラノ川
thrilling,2,形,スリル満点の
Gastown Steam Clock,2,名,ガスタウン蒸気時計
whistle,2,動,（笛が）鳴る
Canada Place,2,名,カナダプレース
locate,2,動,…に位置する
downtown,2,形,中心街の
multi-,2,接頭辞,「多くの…」「多数の…」の意味の語をつくる
Elfie,2,名,エルフィー[イヌの名前]
whole,2,形,全…、全ての
grew,2,動,growの過去形
chase,2,動,…を追いかける
squirrel,2,名,リス
dig,2,動,地面を掘る
folk,2,名,家族、両親
mischief,2,名,いたずら
scold,2,動,…をしかる
except,2,前,…を除いて
quickly,2,副,すばやく
slept,2,動,sleepの過去形
worried,2,形,心配して
pillow,2,名,まくら
bury,2,動,…を埋葬する、…を埋める
hug,2,動,…を抱きしめる
knew,2,動,knowの過去形
mind,2,動,気にする
kitten,2,名,子ネコ
goldfish,2,名,金魚
whatever,2,代,…すること（もの）は何でも
amusement park,2,名,遊園地
shopping arcade,2,名,屋根のある商店街
castle,2,名,城
roller coaster,2,名,ジェットコースター
creature,2,名,生き物、動物
cuisine,2,名,料理
picnic,2,名,ピクニック
open-air,2,形,野外の、戸外の
Portuguese,2,名,ポルトガル人
Western,2,形,西洋風の
-style,2,接尾辞,「…風」「…様式」という意味の語をつくる
recipe,2,名,レシピ
texture,2,名,食感
vary,2,動,異なる、さまざまである
widely,2,副,広く、広範囲に
thin,2,形,さらっとした
-like,2,接尾辞,名詞について、「…のような」という意味の形容詞をつくる
classic,2,形,典型的な
stir-fry,2,動,…を強火でいためる
originally,2,副,もとは、初めは
origin,2,名,起源、始まり
convenience store,2,名,コンビニエンスストア
internationally,2,副,国際的に
anywhere,2,副,どこでも、どこへでも
athlete,2,名,運動選手、アスリート
care worker,2,名,介護士
carpenter,2,名,大工
cartoonist,2,名,マンガ家
confectioner,2,名,菓子職人
gardener,2,名,庭師
hairstylist,2,名,ヘアスタイリスト、美容師
voice actor,2,名,声優
custom,2,名,習慣
manner,2,名,マナー、習慣
rice bowl,2,名,茶わん
grilled fish,2,名,焼き魚
stab,2,動,…をつきさす
neatly,2,副,きちんと
bathtub,2,名,浴そう
gate,2,名,門
elevator,2,名,エレベーター
parking area,2,名,駐車場、駐車区域
double,2,形,２重の
handrail,2,名,手すり
braille,2,名,点字
block,2,名,ブロック、かたまり
mirror,2,名,鏡、ミラー
arrow,2,名,矢印、矢
display,2,名,陳列、展示
touchless,2,形,触れないで作動する
faucet,2,名,（水道・ガスなどの）栓、蛇口
pictogram,2,名,ピクトグラム
per,2,前,…につき
sleeping,2,名,睡眠
commute,2,名,通学、通勤
instrument,2,名,楽器
schedule,2,名,予定（表）、計画（表）
prefecture,2,名,県
brilliant,2,形,あざやかな
remaining,2,形,残っている
structure,2,名,建造物
destructive,2,形,破壊的な
force,2,名,暴力
silver,2,名,銀
mine,2,名,鉱山
landscape,2,名,風景、景色
former,2,形,以前の、前の
hidden,2,形,隠された、秘密の
Christian,2,名,キリスト教徒
church,2,名,教会
prehistoric,2,形,先史時代の
northern,2,形,北の、北部の
period,2,名,時代
subtropical,2,形,亜熱帯の
extensive,2,形,広い、広大な
cedar,2,名,スギ
unspoiled,2,形,害されていない
wildlife,2,名,野生動物
coral reef,2,名,サンゴ礁
jungle,2,名,ジャングル、密林
careless,2,形,不注意な
dirty,2,形,汚い、汚れた
empty,2,形,空の
lucky,2,形,幸運な
unlucky,2,形,不運な
impossible,2,形,不可能な
noisy,2,形,騒がしい、うるさい
wet,2,形,ぬれた、湿った
dry,2,形,乾いた
wide,2,形,幅の広い
narrow,2,形,せまい
across,2,前,…を横切って
shorts,2,名,短パン、ショートパンツ
sneaker,2,名,スニーカー
blouse,2,名,ブラウス
belt,2,名,ベルト
skirt,2,名,スカート
handbag,2,名,ハンドバッグ
sandal,2,名,サンダル
glasses,2,名,メガネ
down vest,2,名,ダウンベスト
knitted,2,形,編まれた、ニットの
scarf,2,名,マフラー、スカーフ
boots,2,名,ブーツ、長靴
dress,2,名,ワンピースの婦人服、ドレス
handkerchief,2,名,ハンカチ
jacket,2,名,ジャケット、ジャンパー
pajama,2,名,パジャマ
suit,2,名,スーツ
tie,2,名,ネクタイ
wallet,2,名,財布
key ring,2,名,キーホルダー
lip balm,2,名,リップクリーム
sunscreen,2,名,日焼け止め（クリーム）
heat pad,2,名,カイロ
plush toy,2,名,ぬいぐるみ
sunglasses,2,名,サングラス
holder,2,名,入れ物
folding,2,形,折りたたみ式の
same,2,形,同じ、同一の
experience,2,名,経験、体験
actually,2,副,実は、本当は
ramen,2,名,ラーメン
instant,2,形,即座の、緊急の、（食べ物が）即席の
noodle,2,名,ヌードル、めん
by the way,2,連,ところで
experience,2,動,…を経験する
golden,2,形,金色の、すばらしい
holiday,2,名,休日、休暇
Singapore,2,名,シンガポール
flight,2,名,飛ぶこと、飛行、（飛行機の）便、空の旅
arrive,2,動,到着する
airport,2,名,空港、飛行場
soon,2,副,すぐに、まもなく
See you.,2,連,またね。
be going to ,2,連,…するつもりだ
around,2,前,…のあちこちに［で、を］
for,2,前,【方向・行き先】…に、…へ
leave,2,動,去る、出発する
show,2,動,…を案内する
will,2,助,【単なる未来】…でしょう、…だろう
excited,2,形,わくわくした
seafood,2,名,シーフード
reservation,2,名,予約
you’ll,2,短,you will
I’ll,2,短,I will
will,2,助,【意志】…するつもりだ
meter,2,名,メートル
tall,2,形,［身長・高さを表す名詞のあとに用いて］身長［高さ］が…ある
weigh,2,動,…の重さがある
ton,2,名,トン
found,2,動,findの過去形
find,2,動,…を見つける、発見する
language,2,名,言語、言葉
dollar,2,名,ドル
example,2,名,例、実例
communicate,2,動,連絡する、意思の疎通をする
for example,2,連,例えば
Chinese,2,名,中国語
different,2,形,ちがう、異なる
of,2,前,【主題】…について
painting,2,名,（絵の具でかいた）絵、絵画
wall,2,名,かべ
surprised,2,形,驚いた、びっくりした
area,2,名,区域、場所、地域
India,2,名,インド
mosque,2,名,モスク、イスラム教寺院
culture,2,名,文化
with,2,前,【携帯・所有】…を身につけて、…のある
especially,2,副,特に、とりわけ
order,2,動,…を注文する
topping,2,名,トッピング
various,2,形,いろいろな
flavor,2,名,（独特な）味、（香りもふくめた）風味
soy sauce,2,名,しょうゆ
salt,2,名,塩、食塩
and so on,2,連,…など
and so on,2,連,…など
so,2,副,そのように、そう
speech,2,名,スピーチ、演説
sometime,2,副,いつか、そのうち
if,2,接,【条件・仮定】もし…ならば
add,2,動,（ ～に）…を加える、足す
butter,2,名,バター
would love to,2,連,…したい（のですが）
interested,2,形,興味を持っている
forget,2,動,（ …を）忘れる
kind,2,名,種類
-based,2,形,…をベースにした
because,2,接,…だから、…なので
thick,2,形,濃い、どろっとした
recommended,2,形,おすすめの
manufacturer,2,名,製造業者、メーカー
early,2,副,早く
be interested in,2,連,…に興味がある
... kind(s) of ～,2,連,…種類の～
stay,2,動,…のままでいる
with,2,前,【道具・手段】…で、…を使って
reflect,2,動,（物事・考えなど）を反映する
climate,2,名,気候
lives,2,名,lifeの複数形
creativity,2,名,創造性［力］、独創性［力］
chef,2,名,シェフ、コック長
foreign,2,形,外国（へ［から］）の
variation,2,名,変化、変種
Italy,2,名,イタリア
create,2,動,…を創造する、つくり出す
sauce,2,名,ソース
change,2,動,変わる、変化する
come from,2,連,…出身である、…から来ている
Here is [are] ....,2,連,これが…です。ここに…があります。…をどうぞ。
name ... after ～,2,連,～にちなんで（人など）を…と名づける
after,2,前,…にならって、ちなんで
another,2,形,もう1つ［1人］の
traveler,2,名,旅行者
resident,2,名,住民、居住者
may,2,助,【許可】…してもよい
ask,2,動,…に（～を）たのむ
favor,2,名,親切な行為
could,2,助,canの過去形。【ていねいな依頼】Could you ...?　…してくださいませんか。
menu,2,名,メニュー
ask ... a favor,2,連,…にお願いする
Say cheese!,2,連,はい、チーズ！
May I ...?,2,連,…してもよいですか。
career,2,名,職業
information,2,名,情報
international,2,形,国際的な
nursery,2,名,保育所、託児所
note,2,名,メモ、覚え書き
own,2,形,自分自身の、独自の
tag,2,名,つけ札、下げ札、荷札
chopstick,2,名,［ふつうchopsticksで］（食事用の）はし
picture book,2,名,（主に子供用の）絵本、図鑑
nursery school,2,連,保育園
chose,2,動,chooseの過去形
choose,2,動,…を選ぶ
colorful,2,形,色彩に富んだ
illustration,2,名,例、挿絵、図、イラスト、（図・例などによる）説明
How about ...?,2,連,［提案・勧誘］…どうですか。
pretty,2,形,かわいい、きれいな
taught,2,動,teachの過去形
important,2,形,重要な、大切な
moon,2,名,（天体の）月
lay,2,動,lieの過去形
lie,2,動,位置する、ある
leaf,2,名,（草木の）葉
pop,2,名,ポンと鳴る音
tiny,2,形,ごく小さい
caterpillar,2,名,イモムシ、毛虫
pear,2,名,西洋ナシ、西洋ナシの木
plum,2,名,西洋スモモ、プラム
come up,2,連,のぼる
come out of,2,連,…から出てくる
light,2,名,光
learn,2,動,（…を）学ぶ、習う
necessary,2,形,必要な
adjust,2,動,…を調節する
speed,2,名,スピード、速度
story,2,名,話、物語
difficult,2,形,難しい、困難な
sentence,2,名,文
clearly,2,副,はっきりと
understand,2,動,（…を）理解する、わかる
smile,2,動,ほほえむ、微笑する
clap,2,動,（手）をたたく、（人・演技など）に拍手する
glad,2,形,うれしい
loud,2,副,大きな声で
sincerely,2,副,心から、本気で、誠実に
Thank you［Thanks］for ....,2,連,…をありがとう。
again and again,2,連,何度も何度も
from now on,2,連,これからは、今後は
"Sincerely (yours),",2,連,（手紙の結びで）敬具
flour,2,名,小麦粉
cabbage,2,名,キャベツ
crispy,2,形,カリカリした
tasty,2,形,おいしい、味がよい
easily,2,副,簡単に、楽に、すぐに
ingredient,2,名,（料理などの）材料
reason,2,名,理由、根拠
of,2,前,【性質・特徴】…の
check,2,動,…を調べる、チェックする
however,2,副,しかしながら、けれども
easy,2,形,やさしい、簡単な
ago,2,副,（今から）…前に
timekeeping,2,名,時間の計測
ancient,2,形,古代の
Egyptian,2,名,エジプト人
put,2,動,putの過去形
put,2,動,…を置く、入れる、つける
stick,2,名,棒
shadow,2,名,影
told,2,動,tellの過去形
long ago,2,連,ずっと前に
some of,2,連,…のうちいくつか［いく人か］
about,2,副,およそ、約、…ごろ
some,2,代,いくらか、多少、少し、数人
measure,2,動,…をはかる
without,2,前,…なしで［に］
pot,2,名,つぼ、かめ
hole,2,名,穴
decrease,2,動,減る、減少する
line,2,名,線、電線、路線
fire,2,名,火、炎
burn,2,動,…を燃やす
candle,2,名,ろうそく
gave,2,動,giveの過去形
give,2,動,（～に）…を与える、渡す、もたらす
at night,2,連,夜に（は）
little by little,2,連,少しずつ
little by little,2,連,少しずつ
could,2,助,canの過去形。【能力・可能】…することができた
little,2,代,［little by littleで］少しずつ
other,2,形,ほかの、別の
mechanical,2,形,機械の
weight,2,名,重いもの、おもり
power,2,動,…に動力を供給する、…を動力で動かす
hour,2,名,時刻
bell,2,名,ベルや鈴、かね（の音）
heavy,2,形,重い
move,2,動,…を動かす
improve,2,動,…を改善する、上達させる
light,2,形,軽い
eventually,2,副,最後には、ようやく
began,2,動,beginの過去形
begin,2,動,…を始める
carry,2,動,…を（持ち）運ぶ、…を持っていく
begin to,2,連,…し始める
type,2,名,タイプ、種類
result,2,名,結果
invention,2,名,発明、発明品
effort,2,名,努力
even,2,副,…でさえ
recognize,2,動,（見たり聞いたりして）…とわかる、…を認識する
idea,2,名,考え、アイディア
technology,2,名,（科学）技術、テクノロジー
wisdom,2,名,知恵、英知
it is time to,2,連,…すべき時である
improve,2,動,よくなる、進歩する
homestay,2,名,ホームステイ
advice,2,名,忠告、助言
member,2,名,一員、メンバー
guest,2,名,客、泊まり客
follow,2,動,…に従う、…を守る
rule,2,名,規則、ルール
host,2,名,（招待した客をもてなす）主人（役）
perfect,2,形,完全な、完ぺきな、最適な
have to ,2,連,…しなければならない
don’t [doesn’t] have to,2,連,…しなくてよい
host family ,2,連,ホストファミリー［ホームステイ先の家族］
ask,2,動,（…を［に］）たずねる、質問する
must,2,助,…しなければならない
shower,2,名,シャワー
limit,2,名,限界、限度、制限
mustn’t,2,短,must not
must not,2,連,…してはいけない
elderly,2,形,年配の
couple,2,名,夫婦
living room,2,名,居間、リビングルーム
finish,2,動,…を終える
nothing,2,代,何も…ない
should,2,助,…すべきである
plate,2,名,（浅い）取り皿
hurt,2,動,…を傷つける
feeling,2,名,感情、気持ち
go to bed,2,連,床につく、寝る
after,2,接,…したあとで
much,2,形,［数えられない名詞につけて］多くの、多量の
much,2,代,多量、たくさん
answer,2,動,…に答える
enter,2,動,（場所）に入る
explain,2,動,…を説明する
felt,2,動,feelの過去分詞
feel,2,動,…と感じる、気持ちがする
end,2,名,（期間、行為などの）終わり、最後
kept,2,動,keepの過去形
keep,2,動,［keep ...ingで］…し続ける
carefully,2,副,注意深く
take off,2,連,（服など）を脱ぐ
feel like ...ing,2,連,…したい気がする
in the end,2,連,結局
each other,2,連,たがい（に）
keep ...ing,2,連,…し続ける
in the future ,2,連,未来に、将来に
couldn’t,2,短,could not
listen to,2,連,…を聞く
felt,2,動,feelの過去形
get,2,動,着く、到着する
near,2,形,近い、近くの
off,2,副,脱いで
other,2,代,別の人［もの］、ほかの人［もの］
Mrs.,2,名,［結婚している女性をさして］…さん、先生
precious,2,形,貴重な、大切な
able,2,形,［be able toで］ …することができる
be able to,2,連,…することができる
"Best wishes,",2,連,それでは。［手紙の結びの言葉］
wish,2,名,祝福の言葉、祈り
universal,2,形,全ての人々の
design,2,名,デザイン
fair,2,名,博覧会、フェア
bottle,2,名,びん、ボトル
automatic,2,形,（機械などが）自動式の、機械的な、無意識の
adjustable,2,形,調節可能な
public,2,形,公の、公共の
touch,2,動,…にさわる、ふれる
product,2,名,製品
facility,2,名,施設、設備
city hall,2,名,市役所
how to,2,連,…する方法、どう…するか
staff,2,名,職員、従業員
tap,2,動,…を軽くたたく、トントン［コツコツ］たたく
castanets,2,名,［複数あつかい］カスタネット
both,2,接,［both ... and ～で］…も～も両方
left-handed,2,形,左利きの、左利き用の
right-handed,2,形,右利きの、右利き用の
over here,2,連,こちらに、こちらでは
thanks to,2,連,…のおかげで
over,2,副,向こうへ、あちらへ、こちらへ
paper,2,名,紙、用紙
useful,2,形,役に立つ、有用な
sign,2,名,標識、看板、掲示
young,2,形,若い、幼い
ramp,2,名,スロープ
stair,2,名,［stairsで］階段
wheelchair,2,名,車いす
pull,2,動,…をひく、ひっぱる
baggage,2,名,（旅行者の）手荷物
baby,2,名,赤ん坊
presentation,2,名,発表、プレゼンテーション
next,2,副,次に、今度は
sure,2,形,確信して
American,2,形,アメリカの、アメリカ人の
professor,2,名,教授
childhood,2,名,子供のころ
remove,2,動,…を取り除く
barrier,2,名,壁、障壁
disabled,2,形,体の不自由な
regardless,2,副,何があっても、とにかく、（困難・忠告などに）おかまいなしに
ability,2,名,（…する）能力、…できること、才能
situation,2,名,立場、境遇、状況、情勢、場面
found,2,動,…を創立する
center,2,名,（活動などの）中心地、センター
spread,2,動,spreadの過去形
spread,2,動,…を広げる、広める
accessible,2,形,（…にとって）使いやすい、（…にとって）行きやすい
(1970)s,2,ー,（1970）年代
regardless of,2,連,…にかかわらず
trivia,2,名,雑学的な知識
quiz,2,名,クイズ
court,2,名,（テニス・バレーボールなどの）コート
than,2,接/前,…よりも
survey,2,名,調査
curling,2,名,カーリング
more,2,副,［比較級を作る］（～より）もっと…
strategy,2,名,戦略、作戦、計画、対策
skill,2,名,腕前、技術
most,2,副,［最上級を作る］いちばん…、最も…
answer,2,名,答え、返事
graph,2,名,グラフ、図表
according,2,副,［according toで］…によれば
percent,2,名,パーセント
such,2,形,そのような、このような
conclusion,2,名,結論、決定、結末、結び
half,2,名,半分、2分の1
better,2,副,［well、very muchの比較級］よりよく、より以上に
according to,2,連,…によれば
as for,2,連,…について言えば
... such as ～,2,連,～のような…
in conclusion,2,連,最後に、結論として
more than,2,連,…より多くの人［もの、こと］
as,2,前,…のような
best,2,副,［well、very muchの最上級］最もよく、いちばん（うまく）
find,2,動,…に気がつく、…がわかる
for,2,前,【関連】…については
more,2,形,［many、muchの比較級］もっと多くの
then,2,副,それから、その次に
as,2,接,【比較】～と同じくらい…［ふつうas ... as ～の形で用いられる。前のasは副詞］
feedback,2,名,意見、フィードバック
speaker,2,名,話す人、演説者
content,2,名,中身、内容
delivery,2,名,話しぶり
clear,2,形,はっきりした
contact,2,名,接触
comment,2,名,批評、コメント
topic,2,名,話題、トピック
spoke,2,動,speak の過去形
data,2,名,資料、データ
slide,2,名,（プレゼンテーション用の）スライド
letter,2,名,文字
eye contact,2,連,視線を合わすこと、アイコンタクト
goodbye,2,間,さようなら
shall,2,助,【提案・勧誘】［相手の意思をたずねて］Shall I ［we］...? …しましょうか。
direction,2,名,方向、方角
change trains,2,連,電車を乗りかえる
get to ,2,連,…に着く、到着する
change,2,動,（電車など）を乗りかえる
which,2,形,どちらの、どの
artificial,2,形,人工の、人工的な、人造の
turf,2,名,芝、芝地
field,2,名,競技場、（陸上競技の）フィールド
video,2,名,映像、動画
unique,2,形,特有の、独特な、ただ一つの、唯一の
almost,2,副,ほとんど
belong,2,動,［belong toで］…に所属する
clean up,2,連,きれいにそうじする
letter,2,名,手紙
once,2,副,かつて、以前、昔
poor,2,形,貧しい、かわいそうな
rich,2,形,金持ちの、裕福な
sell,2,動,…を売る
candy,2,名,キャンディー、砂糖菓子
door-to-door,2,副,戸別に、1 軒ずつ
earn,2,動,…をかせぐ
few,2,形,少しの
coin,2,名,硬貨、コイン
knock,2,動,ノックする、コツコツたたく
well-off,2,形,裕福な
herself,2,代,彼女自身、自ら
a glass of ,2,連,コップ1杯（の量）の
a few ,2,連,少数の、いくらかの
be about to,2,連,今にも…しようとしている
about,2,形,今にも…しかけていて
pocket,2,名,ポケット
reply,2,動,…と答える
pay,2,動,（代金などを）払う
kindness,2,名,親切、親切な行為
away,2,動,はなれて、去って
wonder,2,動,思いをめぐらす
hope,2,動,…を望む、…だとよいと思う
with a smile,2,連,にっこり笑って
do well,2,連,順調にやる、元気になる
before,2,接,…する前に、…しないうちに
before,2,副,以前に、かつて
better,2,形,［good、wellの比較級］もっとよい、よくなって
much,2,副,［形容詞・副詞の比較級・最上級を強調して］ずっと、はるかに
smile,2,名,ほほえみ、微笑
ill,2,形,病気で、ぐあい［気分］が悪い
sent,2,動,sendの過去形
send,2,動,（…に）～をおくる、（人）を行かせる
operation,2,名,手術
woke,2,動,wakeの過去形
alive,2,形,生きて、生きた状態で
envelope,2,名,封筒
bill,2,名,請求書
afraid,2,形,こわがって
inside,2,副,内側に、内部に
paid,2,形,支払い済みの
go by,2,連,（時間が）過ぎる、通り過ぎる
in front of ,2,連,…の前で［に］
right away,2,連,すぐに
be afraid to ,2,連,…するのがこわい
in full ,2,連,全部
here’s,2,短,here is
away,2,動,［right awayで］すぐに
full,2,名,完全
right,2,副,ちょうど、すぐに
say,2,動,…と書いてある、示している
select,2,動,…を選ぶ
heritage,2,名,（文化的な）遺産
site,2,名,遺跡
natural,2,形,自然の
cultural,2,形,文化の
mixed,2,形,混合した
selection,2,名,選択
standard,2,名,基準
decide,2,動,…を決める
general,2,形,一般的な、総合的な、全般的な
conference,2,名,会議、評議会
fantastic,2,形,すばらしい、すてきな
hometown,2,名,故郷
floral,2,形,花の
region,2,名,地方、地域
known,2,動,knowの過去分詞
plant,2,名,植物
diversity,2,名,（…の）多様性、相違（点）
species,2,名,（生物学上の）種［複数形もspecies］
found,2,動,findの過去分詞
more than,2,連,…より多い
built,2,動,buildの過去分詞
emperor,2,名,皇帝
wife,2,名,妻
architecture,2,名,建築、建築学、建築様式
cover,2,動,…をおおう、包む
marble,2,名,大理石
jewel,2,名,宝石
material,2,名,原料、材料、（服などの）生地
pollution,2,名,汚染、汚れ、（汚染による）公害、汚染物質
government,2,名,政府
protect,2,動,…を守る、保護する
in memory of,2,連,…を記念して
from far away ,2,連,遠くから
because of,2,連,…のために
of,2,前,【原因・動機】…のため、…で
list,2,動,…を（文化財のリストに）載せる
seen,2,動,seeの過去分詞
tourist,2,名,観光客、旅行者
climb,2,動,…に［を］のぼる
sunrise,2,名,日の出
cloud,2,名,雲
crater,2,名,噴火口、（隕石の衝突などによる地面の）穴、（月面の）クレーター
amount,2,名,量、額
trail,2,名,（通ってできた）小道
recently,2,副,最近、近ごろ
cleanup,2,名,大そうじ
campaign,2,名,キャンペーン
forever,2,副,永久に、永遠に
more and more,2,連,ますます（多くの）
a ... amount of ～,2,連,…の量の～
be,2,助,［受け身の形を作る］
left,2,動,leaveの過去分詞
of,2,前,【材料・要素】…で（作った）、…から（成る）
goods,2,名,商品、品物
size,2,名,サイズ、寸法
price,2,名,値段
medium,2,形,中くらいの、Mサイズの
clerk,2,名,店員、フロント係
customer,2,名,客、顧客
How much ...? ,2,連,…はいくらですか。
discussion,2,名,討論、話し合い
chosen,2,動,chooseの過去分詞
tourism,2,名,観光
industry,2,名,産業、工業、…業
develop,2,動,…を発展させる
against,2,前,…に反対して
increase,2,名,増加
cause,2,動,…の原因となる、…をひき起こす
traffic jam,2,名,交通渋滞
pollute,2,動,（水・空気など）を汚す、汚染する
environment,2,名,環境
therefore,2,副,それゆえに、したがって、だから
review,2,動,…を見直す
value,2,名,価値
destroy,2,動,…を破壊する
attract,2,動,（人）をひきつける
possible,2,形,（物事が）可能な、できる
point,2,名,特徴、論点、ポイント
agree,2,動,賛成する、意見が一致する
concern,2,動,（人）を心配させる
crime,2,名,罪、犯罪
due,2,形,［due toで］ …のために、…が原因で
be afraid of,2,連,…をおそれる
due to,2,連,…のために、…が原因で
be [become] concerned about,2,連,…について心配する［心配になる］
for,2,前,【支持】…に賛成して
may,2,助,【推量】…かもしれない、（たぶん）…だろう
increase,2,動,…を増やす、増大させる
with,2,前,【賛成】…に賛成して、味方して
planet,2,名,惑星
photograph,2,名,写真
university,2,名,大学
attracted,2,形,ひきつけられる
middle,2,名,中央、真ん中
wilderness,2,名,荒野
mayor,2,名,市長、町長、村長
invite,2,動,…を招待する、招く
dream,2,名,夢
true,2,形,本当の、真実の
in the middle of,2,連,…の真ん中に［の］
for himself ,2,連,自分で、独力で
come true,2,連,実現する、本当になる
change,2,動,…を変える
life,2,名,一生、人生
write,2,動,（…に）手紙を書く
among,2,前,…の中で［に、を］、…の間で［に、を］
convenience,2,名,便利なこと［もの］
hunt,2,動,…を狩る、狩りをする
gather,2,動,…を集める、…をつむ
berry,2,名,ベリー
tradition,2,名,伝統
harmoniously,2,副,調和して
understood,2,動,understandの過去形
living,2,形,生きている
share,2,動,…を共有する
became,2,動,becomeの過去形
part,2,名,部分、［part of で］…の一部
of,2,前,【同格】…という、…の
return,2,動,帰る、戻る
photographer,2,名,写真家
camp,2,動,キャンプをする
severe,2,形,厳しい
wild,2,形,野生の
lonely,2,形,ひとりぼっちの、さびしい
freedom,2,名,自由
playful,2,形,楽しげな、陽気な
scene,2,名,景色、光景
suddenly,2,副,突然、急に
kill,2,動,…を殺す
alone,2,副,ひとりで、ただ…だけ
end,2,動,終わる
free,2,形,自由な、束縛されない
wonder,2,名,驚き、不思議
glacier,2,名,氷河
disappear,2,動,姿を消す、消滅する
global warming,2,名,地球温暖化
enough,2,形,十分な、必要なだけの
habitat,2,名,生息地
grow,2,動,（しだいに）…になる
lose,2,動,…を失う
land,2,名,土地
island,2,名,島
slowly,2,副,ゆっくりと、遅く
twice,2,副,2倍、2度
rest,2,名,残り、その他
Earth,2,名,地球
remind,2,動,…に思い出させる、気づかせる
past,2,名,過去
pass,2,動,（…に）～を手渡す、…を伝える
beauty,2,名,美しさ、美
turn into,2,連,…になる、変わる
twice as ... as ～,2,連,～より2倍…
remind ... of ～,2,連,…に～を思い出させる
pass on ... to ～,2,連,…を～に伝える
as,2,接,【時】…のとき、…するにつれて
into,2,前,【質の変化】…に（なる）
way,2,名,方法、やり方
maple,3,名,カエデ
pure,3,形,純粋な
maple syrup,3,名,メープルシロップ
cream,3,名,クリーム
filling,3,名,中身
poutine,3,名,プーティン
Canadian,3,形,カナダの
gravy,3,名,肉汁
Quebec,3,名,ケベック州
food court,3,名,フードコート
annual,3,形,年に１回の
dream catcher,3,名,ドリームキャッチャー
handcrafted,3,形,手作りの
object,3,名,もの、物体
consist,3,動,（…から）成る
ring,3,名,輪
string,3,名,糸
feather,3,名,羽
bead,3,名,ビーズ
shell,3,名,貝
trap,3,動,…をとらえる
pine,3,名,松
export,3,動,…を輸出する
beloved,3,形,愛されている
available,3,形,入手できる
pack,3,動,…を詰め込む
pastime,3,名,娯楽
ice skate,3,名,アイススケート、アイススケートくつ
puck,3,名,パック（ゴムの円盤）
equipment,3,名,用具
flat,3,形,平らな
score,3,動,（点）をとる
goal,3,名,ゴール
lacrosse,3,名,ラクロス
crosse,3,名,クロス
shoot,3,動,…をシュートする
spiritual,3,形,神聖な
ritual,3,名,儀式
the First Nations,3,名,ファースト・ネーションズ
indigenous,3,形,先住の
men,3,名,manの複数形
sunset,3,名,日の入り
opportunity,3,名,機会
teen,3,名,１０代の若者
food bank,3,名,フード・バンク
core,3,名,中心
ensure,3,動,…を保証する
sort,3,動,…を分類する
warehouse,3,名,倉庫
dedicated,3,形,献身的な
distribute,3,動,…を分配する
client,3,名,依頼人
least,3,名,最少、最小
require,3,動,必要とする
youth,3,名,若者
riverbank,3,名,川岸
wetland,3,名,湿地帯
biologically,3,副,生物学的に
form,3,動,…を形成する
diverse,3,形,多様な
migratory,3,形,移住性の
gear,3,名,装備
bug spray,3,名,虫よけスプレー
provide,3,動,…を提供する
one-on-one,3,形,1対1の
difficulty,3,名,困難
supervision,3,名,指揮
guidance,3,名,助言
expect,3,動,…を期待する
leadership,3,名,リーダーシップ
problem-solving,3,名,課題解決
communication,3,名,コミュニケーション
management,3,名,管理
nursing home,3,名,介護施設
joy,3,名,喜び
formally,3,副,公式に
talent,3,名,才能
via,3,前,…を使って
transportation,3,名,交通機関
parking,3,名,駐車場
Malala Yousafzai,3,名,マララ・ユスフザイ[人名]
education,3,名,教育
pray,3,動,祈る
recovery,3,名,回復
shown,3,動,showの過去分詞
myself,3,代,私自身
Taliban,3,名,タリバーン
shot,3,動,…を撃つ
bullet,3,名,弾丸
silence,3,動,…を黙らせる
fail,3,動,失敗する
terrorist,3,名,テロリスト
extremist,3,名,過激論者
importance,3,名,重要性
darkness,3,名,暗さ、暗闇
Pakistan,3,名,パキスタン
wise,3,形,賢い、分別のある
mighty,3,形,力強い
sword,3,名,剣
frighten,3,形,こわがらせる
equality,3,名,平等
society,3,名,社会
upon,3,前,…の上に
compulsory,3,形,義務的な
terrorism,3,名,テロリズム
brutality,3,名,野蛮、残忍な行為
harm,3,名,危害
developed,3,形,発展した
nation,3,名,国家、国
expansion,3,名,拡大、広がり
educational,3,形,教育の、教育に関する
community,3,名,共同体
tolerant,3,形,寛容な、寛大な
reject,3,動,拒絶する
prejudice,3,名,偏見
million,3,名,100万
suffer,3,動,苦しむ、悩む
poverty,3,名,貧困
injustice,3,名,不公平、不正
ignorance,3,名,無知
struggle,3,名,戦い
illiteracy,3,名,無学、無教育
powerful,3,形,強力な
weapon,3,名,武器、兵器
solution,3,名,解決策
paste,3,名,ペースト、ペースト状のもの
cream puff,3,名,シュークリーム
French,3,形,フランスの
polo shirt,3,名,ポロシャツ
organic,3,形,自然な、化学肥料を用いないで育てた
cotton,3,名,綿
compare,3,動,…を比べる
grown,3,動,growの過去分詞
pesticide,3,名,農薬
linen,3,名,麻
stylish,3,形,おしゃれな、品のよい
fabric,3,名,布、生地
polyurethane,3,名,ポリウレタン
cacti,3,名,サボテン
cork,3,名,コルク
recycled,3,形,リサイクルされた
necklace,3,名,ネックレス
utilize,3,動,…を利用する、役立たせる
peregrine falcon,3,名,ハヤブサ
dugong,3,名,ジュゴン
Okinawa rail,3,名,ヤンバルクイナ
Asiatic black bear,3,名,ツキノワグマ
Blakiston's fish owl,3,名,シマフクロウ
green turtle,3,名,アオウミガメ
threat,3,名,脅し、脅威
loss,3,名,失うこと
drought,3,名,干ばつ
development,3,名,開発
illegal,3,形,違法の
over tourism,3,名,オーバーツーリズム
alien,3,形,外来の、外国の
vulnerable,3,形,危急
extinct,3,名,絶滅
retell,3,動,…を再び語る
captain,3,名,キャプテン
respectful,3,形,敬意を表す
Bill Gates,3,名,ビル・ゲイツ［人名］
founder,3,名,創設者
IT,3,略,情報技術、情報工学（information technologyの略）
model,3,名,モデル、模範
opinion,3,名,意見、考え
task,3,名,仕事
trust,3,動,…を信頼する
employee,3,名,従業員
cooperate,3,動,協力する
Emma Watson,3,名,エマ・ワトソン［人名］
well-known,3,形,有名な、よく知られた
film,3,名,映画
appoint,3,動,［appont ... as 〜で］…を〜に任命する
United Nations Women,3,名,国連女性機関
goodwill ambassador,3,名,親善大使
promote,3,動,…を促進する
gender,3,名,性別、性差
fair-trade,3,名,公正取引
humane,3,形,人間味のある、おもいやりのある
ideal,3,形,理想的な
hunger,3,名,飢餓
well-being,3,名,幸福、健康
sanitation,3,名,衛生
affordable,3,形,手ごろな
decent,3,形,適切な
economic,3,形,経済的な
growth,3,名,成長
innovation,3,名,革新
infrastructure,3,名,社会的基盤施設、インフラ
inequality,3,名,不平等
consumption,3,名,消費
production,3,名,生産
below,3,前,…より下に
justice,3,名,公正
institution,3,名,機関
partnership,3,名,パートナーシップ
oversleep,3,動,寝過ごす
feed,3,動,…にえさをやる
snack,3,名,スナック、軽食
video game,3,名,テレビゲーム
post,3,動,投稿する
phone,3,名,電話
pool,3,名,プール
cartoon,3,名,マンガ
cheerful,3,形,明るい
easygoing,3,形,おおらかな
talkative,3,形,おしゃべりな
gentle,3,形,温厚な
patient,3,形,がまん強い
strict,3,形,厳しい
generous,3,形,気前のよい
diligent,3,形,勤勉な
outgoing,3,形,社交的な
honest,3,形,正直な
impatient,3,形,せっかちな
frank,3,形,率直な
strange,3,形,風変わりな
lazy,3,形,不精な
serious,3,形,真面目な
selfish,3,形,わがままな
impressive,3,形,印象的な
so-so,3,形,よくも悪くもない
boring,3,形,退屈な
terrible,3,形,ひどい
relieved,3,形,安心した
upset,3,形,うろたえた
embarrassed,3,形,恥ずかしい
annoyed,3,形,いらいらした
disappointed,3,形,がっかりした
scared,3,形,おびえた、こわがった
opening,3,形,最初の
ceremony,3,名,儀式
closing,3,形,終わりの
midterm examination,3,名,中間試験
term,3,名,学期、期間
examination,3,名,試験
final,3,名,最後の
entrance examination,3,名,入学試験
physical checkup,3,名,健康診断
fire drill,3,名,消防訓練
student council,3,名,生徒会
arrangement,3,名,アレンジメント、配置
tea ceremony,3,名,茶道
calligraphy,3,名,書道
Buddha,3,名,仏
pottery,3,名,焼き物
Coming-of-Age Day,3,名,成人の日
National Foundation Day,3,名,建国記念の日
The Emperor's Birthday,3,名,天皇誕生日
The Vernal Equinox,3,名,春分
Constitution Day,3,名,憲法記念日
Greenery Day,3,名,みどりの日
Marine Day,3,名,海の日
Mountain Day,3,名,山の日
Respect-for-the-Aged Day,3,名,敬老の日
The Autumnal Equinox,3,名,秋分
Health-Sports Day,3,名,スポーツの日
Culture Day,3,名,文化の日
Labor Thanksgiving Day,3,名,勤労感謝の日
Argentina,3,名,アルゼンチン
Indonesia,3,名,インドネシア
Ukraine,3,名,ウクライナ
Australia,3,名,オーストラリア
Korea,3,名,韓国
Saudi Arabia,3,名,サウジアラビア
Spain,3,名,スペイン
Turkey,3,名,トルコ
France,3,名,フランス
Mexico,3,名,メキシコ
Russia,3,名,ロシア
Arabic,3,名,アラビア語
Italian,3,名,イタリア語
Indonesian,3,名,インドネシア語
Korean,3,名,韓国・朝鮮語
Spanish,3,名,スペイン語
German,3,名,ドイツ語
Turkish,3,名,トルコ語
Hindi,3,名,ヒンズー語
Russian,3,名,ロシア語
yellow dust,3,名,黄砂
flood,3,名,洪水
landslide,3,名,地すべり
typhoon,3,名,台風
tornado,3,名,竜巻
tidal wave,3,名,津波
eruption,3,名,噴火
storm,3,名,暴風
thunderstorm,3,名,雷雨
aftershock,3,名,余震
fire alarm,3,名,火災報知器
Earthquake Early Warning,3,名,緊急地震速報
emergency exit,3,名,非常口
evacuation,3,名,避難
emergency management,3,名,防災
environmental,3,形,環境の
destruction,3,名,破壊
protection,3,名,保護
greenhouse effect,3,名,温室効果
desertification,3,名,砂漠化
acid rain,3,名,酸性雨
deforestation,3,名,森林破壊
water pollution,3,名,水質汚染
oxygen,3,名,酸素
exhaust gas,3,名,排気ガス
thermal,3,形,熱の
recycling,3,名,リサイクル
food chain,3,名,食物連鎖
discover,3,動,…を発見する
side,3,名,側、面
finally,3,副,ついに、やっと
musical,3,名,ミュージカル
actor,3,名,俳優
into,3,前,…に熱中して
fashion,3,名,（服装・行動様式などの）人気のもの、ファッション
regional,3,形,地方の、地域の、局地的な、地方特有の
been,3,動/助,beの過去分詞
have never [not] been to,3,連,…に行ったことがない
have never [not] been to,3,連,…に行ったことがない
pop,3,形,大衆的な
foreigner,3,名,外国人
ever,3,副,［疑問文で］今まで、かつて
have been to,3,連,…に行ったことがある
have been to ,3,連,…に行ったことがある
I’ve,3,短,I have
haven’t,3,短,have not
hear,3,動,…を耳にする、聞いて知る
global,3,形,全世界の、世界的な、地球上の
genre,3,名,（ 文学・芸術作品などの）ジャンル、部門、分野
adventure,3,名,冒険、冒険心
adult,3,名,おとな、（法律上の）成人、成長した動物
quality,3,名,質、品質、良質
animation,3,名,アニメーション、動画
drawing,3,名,絵、図、スケッチ
delicate,3,形,上品な、優美な、繊細な
addition,3,名,足し算、加えること、加えられたもの［人］
match,3,動,…と調和する、…に匹敵する
positive,3,形,肯定の、前向きな
in addition,3,連,そのうえ、さらに
more,3,副,［動詞を修飾して］もっと
ignore,3,動,…を無視する、見て見ないふりをする
existence,3,名,存在すること、生存
root,3,名,［rootsで］起源
drawn,3,動,drawの過去分詞
express,3,動,…を表現する、言い表す
movement,3,名,動き
scroll,3,名,巻物、（日本・中国などの）掛け軸
technique,3,名,（芸術の）手法、テクニック
influence,3,動,…に影響を及ぼす
advantage,3,名,有利（であること）、有利な点、強み
taste,3,名,（飲食物の）味、味覚
link,3,動,…を（～と）つなぐ、連結する
entirely,3,副,全く、すっかり
It is said that ....,3,連,…であると言われている。
take advantage of,3,連,…を利用する
around,3,副,あちこち、めぐって
of,3,前,【行為の主体】…が、…の、…による
said,3,動,sayの過去分詞
already,3,副,すでに、もう
essay,3,名,随筆、評論、エッセー、（学校の）作文
yet,3,副,［疑問文で］もう、すでに
ethical,3,形,道義にかなった、道徳的な
designer,3,名,デザイナー、設計者
interview,3,動,…にインタビューする
message,3,名,伝言、メッセージ
sleep,3,動,眠る、寝ている
interview,3,名,インタビュー、取材、（公式の）会見、面接（試験）、面談
just,3,副,たった今
read,3,動,readの過去分詞
yet,3,副,［否定文で］まだ、今のところは
accessory,3,名,（車・カメラ・機械類の）付属品、（身につける）アクセサリー
recycle,3,動,（廃品）を再生利用する、リサイクルする
eco-friendly,3,形,環境にやさしい
become,3,動,becomeの過去分詞
impact,3,名,（強い）影響、衝撃、衝突
since,3,前/接,…（して）以来
introduce,3,動,…を導入する
How long ...?,3,連,どれくらい長く［長い］
design,3,動,…を設計する
made,3,動,makeの過去分詞
morally,3,副,道徳上、道徳的に見て、倫理的に、品行方正に
clothing,3,名,［単数あつかいで］衣類、衣料品
company,3,名,会社
chemical,3,名,化学物質
lead,3,動,（…に）通じる
less,3,形,もっと少ない
negative,3,形,否定的な、よくない
animal-free,3,形,（食品が）動物性原料を含んでいない
include,3,動,…を含む、含める
vegan,3,名,絶対菜食主義者（卵・チーズ・牛乳などをとらないベジタリアン）
leather,3,名,革、なめし革、革製品
avoid,3,動,…を避ける、よける
wool,3,名,羊毛、毛糸、毛織物、ウール
fur,3,名,毛皮、毛皮製品、毛皮の衣服、（ほ乳動物の）柔らかい毛
you’ve,3,短,you have
avoid ...ing,3,連,…することを避ける
vegan leather,3,連,ヴィーガンレザー（非動物性の材料で作られた素材）
use,3,名,使うこと、使用
moreover,3,副,なおそのうえに、さらに
worker,3,名,働く人、労働者
developing,3,形,発展途上の
condition,3,名,状況
wage,3,名,賃金、給料
working,3,形,［名詞の前に用いて］働く
fair,3,形,公平な、相当の
prohibit,3,動,（法律・規則などが）…を禁止する
labor,3,名,労働
responsible,3,形,（人が）（物事に対して）責任がある
what to,3,連,何を…すべきか
hour,3,名,（決まった）時間、勤務［営業］時間、授業時間
planet,3,名,［the planetで］地球
danger,3,名,危険（性）
extinction,3,名,絶滅
challenge,3,名,難問
human,3,形,人間の、人間的な
endangered,3,形,絶滅の危機にさらされている
survive,3,動,生き残る
trouble,3,名,困難、面倒、迷惑
be in danger of,3,連,…の危険がある、危険にさらされている
be,3,動,（…に）いる、ある
change,3,名,変化
for,3,前,［「It is ... （for ＋（人））＋ to ＋ 動詞の原形」の意味上の主語として］（人）が（～することは）
or,3,接,［主に命令文のあとで］そうしなければ
cheetah,3,名,チーター
sea otter,3,名,ラッコ
article,3,名,記事
hear of ,3,連,…について聞く
want ... to ～,3,連,…が～することを望む、…に～してほしい
heard,3,動,hearの過去分詞
list,3,名,表、リスト
population,3,名,人口、（動物の）個体数
rapidly,3,副,速く、急速に
beginning,3,名,最初の部分
century,3,名,世紀、100年
shock,3,動,…に衝撃［ショック］をあたえる
safely,3,副,安全に
overhunting,3,名,乱獲
oil,3,名,油、石油
spill,3,名,（液体・粉などの）こぼれ、流出
hunting,3,名,狩り、さがし求めること
killer whale,3,名,シャチ
as a result (of),3,連,（…の）結果として
decide to,3,連,…しようと決心する
end,3,動,…を終える
increase,3,動,増える、増加する、増大する
let,3,動,（人）に…させる
native,3,形,（その土地に）固有の、原産の、生粋の
logging,3,名,伐採
traffic accident,3,名,交通事故
research,3,名,研究、調査
categorize,3,動,…を分類する、（…として）類別する
critically,3,副,危機的な、危険な状態で、危うく
citizen,3,名,市民
ecosystem,3,名,生態系
human being,3,名,人間（全体）
relate,3,動,…を（～に）関係させる
action,3,名,アクション、行動
decrease,3,名,（…の）減少
breed,3,動,…を飼育する、繁殖する
release,3,動,…を放す
reach,3,動,…に達する、到着する
nowadays,3,副,このごろは、今日では
continue,3,動,…を続ける
wild,3,名,［the wildで］野生
item,3,名,品目
piece,3,名,部分、断片
cloth,3,名,布、服地
wrap,3,動,…を包む
fold,3,動,…を折る、折りたたむ
convenient,3,形,便利な
instead,3,副,そのかわりに
resource,3,名,資源
a piece of,3,連,1つ［1個、1本、1枚］の…
fold ... up ,3,連,…を折りたたむ
instead of,3,連,…のかわりに
won’t,3,短,will not
keep,3,動,（ずっと）…を持っている、預かる
plastic bag,3,連,ビニール袋
waste,3,動,…をむだに使う
lullaby,3,名,子守歌
road,3,名,道路、道
bomb,3,名,爆弾
lost,3,動,loseの過去形
injure,3,動,…を傷つける
shade,3,名,陰、日陰
dead,3,形,死んだ
weak,3,形,弱い、かすかな
mommy,3,名,お母さん、ママ［momよりは幼い言い方］
cry,3,動,泣く
held,3,動,holdの過去形
hold,3,動,…を持つ、つかむ、抱く
real,3,形,本当の、本物の
all right,3,連,だいじょうぶな
some,3,副,［ 数を表す語とともに用いて］約、およそ
through,3,前,【時間】…の間中
burn,3,名,やけど
life,3,名,生命、命、生き物
rest,3,動,休む、眠る
right,3,形,健康な、調子がいい
tightly,3,副,しっかりと
while,3,名,（少しの）時間、（しばらくの）間
quietly,3,副,静かに、落ち着いて
after a while,3,連,しばらくして
move,3,動,動く、引っこす
nuclear,3,形,核の、原子力の
peace,3,名,平和
bright,3,形,明るい
cloudless,3,形,雲のない
death,3,名,死
sky,3,名,空、大空
U.S.,3,名,the U.S. アメリカ合衆国、米国
president,3,名,大統領
meant,3,動,meanの過去形
war,3,名,戦争
courage,3,名,勇気
pursue,3,動,…を追い求める
worth,3,形,…の価値がある
extend,3,動,…を広げる
go through ,3,連,（人生・生活）を送る
worth ...ing,3,連,…するだけの価値がある
himself,3,代,彼自身、自ら
word,3,名,語、単語、言葉
prepared,3,形,用意ができている、備えた
disaster,3,名,災害
shelter,3,名,避難所
store,3,動,…を蓄える
case,3,名,場合
extinguisher,3,名,消火器
in case of,3,連,…の場合には
call,3,動,（…に）電話をかける
fire,3,名,火事、火災
How much ...? ,3,連,どれくらいの量の
done,3,動,doの過去分詞
prepare,3,動,（…の）準備をする、備える
emergency,3,名,緊急事態
kit,3,名,道具［用具］一式
recommend,3,動,…をすすめる、…を推薦する
earthquake,3,名,地震
we’ve,3,短,we have
hasn’t,3,短,has not
link,3,名,リンク、接続
several,3,形,いくつかの
bridge,3,名,橋、かけ橋
between,3,前,［between ... and ～ で］…（と～）の間で［に、の］
energetic,3,形,精力的な、エネルギッシュな、活発な
encourage,3,動,…を勇気づける、励ます
personality,3,名,個性、性格、人格
hit,3,動,hitの過去形
hit,3,動,（災害・不幸などが）襲う
comfort,3,動,…を慰める、元気づける
nearby,3,形,近くの
safe,3,形,安全な
all the time,3,連,常に
kill,3,動,［be killed inで］…で死ぬ
rode,3,動,rideの過去形
bicycle,3,名,自転車
toward,3,前,…のほうへ、…に向かって
apartment,3,名,アパート［マンション］の部屋
caught,3,動,catchの過去形・過去分詞
tsunami,3,名,津波
sudden,3,形,突然の、不意の
news,3,名,ニュース、知らせ
shortly,3,副,まもなく、すぐに
corner,3,名,コーナー
exchange,3,名,交流、やりとり
program,3,名,プログラム、計画、事業
support,3,動,…を支援する、応援する
ordinary,3,形,ふつうの
crisis,3,名,危機、難局、（病気の）峠
be caught in,3,連, …に巻き込まれる
bring ... together,3,連,…を団結させる
keep on ...ing,3,連,…し続ける
no longer,3,連,もはや…ない
no longer,3,連,もはや…ない
every year,3,連,毎年
That’s very kind of you.,3,連,どうもご親切にありがとうございます。
would like ... to 〜,3,連,would like ... to 〜 …に～してほしい（のですが）
internet,3,名,インターネット
person,3,名,人、個人
image,3,名,像、肖像、印象
print,3,動,…を印刷する
leader,3,名,指導者、リーダー
greatly,3,副,おおいに、非常に
born,3,動,be born 生まれる
national,3,形,国の
non-violence,3,名,非暴力
on the internet,3,連,インターネットで
note,3,名,紙幣
independence,3,名,独立
violence,3,名,暴力
fight,3,動,たたかう
protest,3,動,抗議する
tough,3,形,困難な、難しい
human rights,3,連,人権
go on ,3,連,…をする、始める
little,3,形,ほとんど（ない）
more,3,代,もっと多くのもの［こと］
right,3,名,権利
lawyer,3,名,弁護士
British,3,形,イギリス［英国］の、イギリス人の
discrimination,3,名,差別
freely,3,副,自由に
sidewalk,3,名,歩道
accept,3,動,…を受け入れる
law,3,名,法律、法
unfair,3,形,不公平な、不当な
stood,3,動,standの過去形
arrest,3,動,…を逮捕する
jail,3,名,刑務所
non-violent,3,形,非暴力の
effective,3,形,効果的な
at that [the] time,3,連,その当時（には）
go out ,3,連,外へ出る
even if,3,連,たとえ…だとしても
British,3,名,イギリス［英国］人
even,3,副,［比較級を強調して］さらにいっそう
lead,3,動,…を導く、…を先導する
movement,3,名,（政治的・社会的な）運動
rule,3,名,支配、統治
sent,3,動,sendの過去分詞
colony,3,名,植民地
produce,3,動,…を生産する、生じる
tax,3,名,税、税金
expensive,3,形,高価な、費用のかかる
follower,3,名,信奉者、支持者
thousand,3,名/形,"1,000（の）"
kilometer,3,名,キロメートル
march,3,名,行進、マーチ
peaceful,3,形,平和な
legacy,3,名,遺産
in those days,3,連,そのころは、当時は
thousands of,3,連,何千もの、多くの
way to,3,連,…する方法
fight,3,名,たたかい
protest,3,名,抗議（運動）
put,3,動,（罪・責任など）を課す
spread,3,動,広がる、広まる
text,3,動,携帯電話などでメッセージをおくる
ban,3,動,…を禁止する
electronic,3,形,電子の
device,3,名,装置
cross,3,動,…を横切る、渡る
decision,3,名,決定、結論
bother,3,名,面倒
common,3,形,ふつうの、よくある、共通の
choose to,3,連,…することに決める
any,3,形,［主に肯定文で］どんな…でも
report,3,名,報告、レポート
position,3,名,位置、ポジション
setter,3,名,（バレーボールの）セッター
chance,3,名,機会、チャンス
spiker,3,名,（バレーボールの）スパイカー
teammate,3,名,チームの仲間、チームメイト
get the most out of,3,連,…を最大限に生かす
more,3,形,それ以上の、あと…
most,3,副,［動詞を修飾して］いちばん、最も
move,3,動,…を感動させる
thought,3,名,考え、意見
most,3,代,最多数、最大量、最大限
backpack,3,名,バックパック
overseas,3,副,外国へ［で］、海外へ［で］
unused,3,形,未使用の
supply,3,名,［suppliesで］必需品
abroad,3,副,外国に［へ、で］、海外に［へ、で］
donate,3,動,…を寄付する
this way,3,連,このように
could,3,助,canの過去形。【仮定法】…できるだろうに
wish,3,動,…であればよいのだが
Afghanistan,3,名,アフガニスタン
definitely,3,副,もちろん、確かに
so far ,3,連,今まで（は）、これまで（は）
if,3,接,【仮定法過去】（あり得ないことだが）もし…ならば
would,3,助,【仮定法】…だろうに
imagine,3,動,…を想像する
illiterate,3,形,読み書きのできない
son,3,名,息子
daughter,3,名,娘
ready,3,形,用意ができて
air,3,名,空気、空中
service,3,名,サービス、公的事業
globe,3,名,［the globeで］地球
connect,3,動,…を結びつける、つなぐ
border,3,名,国境
encourage ... to ～,3,連,…に～するよう促す
most of,3,連,…の大部分
be ready for,3,連,…の用意ができている
in the open air,3,連,屋外で
another,3,代,もう1つ［1人］、別のもの［人、こと］
most,3,代,［most of ＋ 名詞で］…の大部分、ほとんど
open,3,形,開いている、屋根のない
through,3,前,【原因・手段】…によって、…のために
depend,3,動,頼る
trade,3,名,貿易
survival,3,名,存続、生き残ること
Brazil,3,名,ブラジル
Thailand,3,名,タイ
import,3,動,…を輸入する
quite,3,副,かなり、相当
coat,3,名,上着、コート
Asian,3,形,アジア（人）の
fact,3,名,現実、事実
sold,3,動,sellの過去分詞
exception,3,名,例外
surround,3,動,…を囲む
daily,3,形,日常の
relationship,3,名,関係、結びつき
interdependent,3,形,相互に依存している
beyond,3,前,…をこえたところに［へ」
depend on,3,連,…に頼る
in fact,3,連,実際に、事実上
most,3,形,たいていの、大部分の
overseas,3,名,外国、国外
mini debate,3,名,ミニディベート
disagree,3,動,意見が合わない
judge,3,名,審判員
United States,3,名,the United States（of America）アメリカ合衆国
variety,3,名,［a (...) variety of ～で］さまざまな～、いろいろな～、…な種類の～
amazing,3,形,驚くべき
countryside,3,名,いなか
seem,3,動,…のように見える、思われる
for one thing,3,連,1つには［理由を述べるときに用いる］
eat out,3,連,外食する
not ... at all,3,連,少しも…ない
has to,3,連,…しなければならない
announce,3,動,…を発表する
winner,3,名,勝者
debate,3,名,討論、ディベート
move on,3,連,（次の課題などへ）移る、進む
we’ll,3,短,we will
electricity,3,名,電気、電力
cut,3,動,cutの過去分詞
happen,3,動,起こる、生じる
charge,3,動,…を充電する
chart,3,名,図表
coal,3,名,石炭
natural gas,3,名,天然ガス
relatively,3,副,比較的
cheap,3,形,（品物・料金が）安い
furthermore,3,副,そのうえ、さらに
run out of,3,連,…を使い果たす
release,3,動,…を放出する
energy,3,名,エネルギー
control,3,動,…を管理する
radiation,3,名,放射能
handle,3,動,…を処理する
sunshine,3,名,日光
wind,3,名,風
steam,3,名,蒸気
wave,3,名,波
renewable,3,形,再生可能な
dangerous,3,形,危険な
dam,3,名,ダム
damage,3,動,…に損害を与える
progress,3,動,進歩する
Denmark,3,名,デンマーク
quarter,3,名,4分の1
Iceland,3,名,アイスランド
heat,3,名,熱
solve,3,動,…を解決する
nuclear power,3,連,原子力
nuclear waste,3,連,核廃棄物
water power,3,連,水力
wind power,3,連,風力
power,3,名,力、能力
Azerbaijan,3,名,アゼルバイジャン
invent,3,動,…を発明する
lamp,3,名,明かり、ランプ
second,3,名,秒
liter,3,名,リットル
rainwater,3,名,雨水
battery,3,名,電池、バッテリー
sustainable,3,形,持続可能な
consumer,3,名,消費者
inventor,3,名,発明家
power,3,名,動力、電力
probably,3,副,十中八九、たぶん
count,3,動,数える
author,3,名,著者、作家
Germany,3,名,ドイツ
art school,3,名,美術学校
graphic designer,3,名,グラフィックデザイナー
drawing,3,名,絵をかくこと
line,3,名,境界（線）
outside,3,前,…の外側で［に、へ］
believe,3,動,…だと思う、信じる
publish,3,動,…を出版する、発行する
printer,3,名,印刷工、印刷業者
unusual,3,形,ふつうでない
think outside the box,3,連,自由で独創的な考え方をする
come up with,3,連,（考えなど）を思いつく
so ... that 〜,3,連,とても…なので～だ
bestseller,3,名,ベストセラー
worldwide,3,副,世界中に、世界的に
toy,3,名,おもちゃ
feature,3,名,特色、特徴
cow,3,名,ウシ
deliver,3,動,…を届ける
reader,3,名,読者
colorfulness,3,名,色の鮮やかさ
represent,3,動,…を象徴する、表現する
colorless,3,形,無色の
paint,3,動,…にペンキを塗る、（もの）を…色に塗る
inspire,3,動,（人）を奮い立たせる
play with,3,連,…で遊ぶ
inspire ... to 〜,3,連,～するように…を元気づける、激励する
any,3,形,［否定文などで］少しの…も（～ない）、何も［だれも］（～ない）
inside,3,前,…の中に、内部に
stay,3,動,とどまる、いる
wrong,3,形,まちがった
until,3,前,…まで（ずっと）、［否定文で］…までは（～しない）
imagination,3,名,想像力
gallery,3,名,美術館
studio,3,名,アトリエ
theater,3,名,劇場
fill,3,動,…を満たす
visitor,3,名,訪問客、見学者
although,3,接,…だけれども、…だが、…にもかかわらず
anymore,3,副,今ではもう…（でない）
spirit,3,名,精神、心、霊魂、幽霊
unfold,3,動,（たたんだ物）を広げる、開く
wing,3,名,羽
pass away,3,連,亡くなる
fill ... with 〜 ,3,連,…を～で満たす
not only ... but (also) ～,3,連,…だけでなく～もまた
built,3,動,buildの過去形
grow,3,動,成長する、増加する
hope,3,名,希望、見こみ
pass,3,動,なくなる、消える
